00000000.jpg,120.0,187.0,126.0,191.0,126.0,191.0,137.0,182.0,138.0,183.0,139.0,156.0,136.0,156.0,159.0,196.0,160.0,204.0,184.0,219.0,190.0,236.0,87.0,57.0,84.0,60.0,57.0,143.0,55.0,144.0,36.0,214.0,31.0,221.0
00000001.JPG,113.0,194.0,108.0,195.0,108.0,194.0,98.0,187.0,100.0,186.0,102.0,161.0,103.0,163.0,83.0,196.0,84.0,198.0,56.0,222.0,59.0,220.0,144.0,94.0,142.0,96.0,177.0,151.0,175.0,153.0,211.0,215.0,211.0,215.0
00000002.jpg,101.0,183.0,95.0,185.0,94.0,185.0,84.0,174.0,84.0,173.0,93.0,150.0,90.0,148.0,72.0,199.0,71.0,189.0,38.0,239.0,44.0,216.0,153.0,67.0,151.0,69.0,198.0,142.0,197.0,142.0,231.0,212.0,229.0,208.0
00000003.jpg,116.0,190.0,110.0,193.0,110.0,192.0,98.0,185.0,98.0,185.0,102.0,158.0,101.0,159.0,76.0,197.0,75.0,192.0,48.0,230.0,49.0,219.0,147.0,63.0,146.0,64.0,178.0,140.0,178.0,140.0,207.0,207.0,206.0,206.0
00000004.jpg,161.0,173.0,169.0,176.0,169.0,176.0,181.0,162.0,181.0,163.0,175.0,134.0,172.0,135.0,193.0,184.0,194.0,187.0,214.0,217.0,223.0,233.0,110.0,24.0,109.0,22.0,74.0,128.0,73.0,127.0,43.0,211.0,42.0,212.0
00000005.jpg,189.0,170.0,194.0,172.0,194.0,173.0,201.0,163.0,201.0,163.0,199.0,145.0,195.0,148.0,211.0,180.0,210.0,184.0,221.0,204.0,225.0,218.0,149.0,87.0,147.0,87.0,128.0,145.0,127.0,145.0,111.0,198.0,106.0,205.0
00000006.jpg,157.0,194.0,164.0,192.0,164.0,192.0,167.0,173.0,166.0,173.0,152.0,157.0,153.0,159.0,184.0,198.0,185.0,201.0,209.0,222.0,219.0,234.0,96.0,45.0,95.0,44.0,60.0,136.0,58.0,137.0,31.0,212.0,22.0,223.0
00000007.jpg,150.0,159.0,155.0,161.0,155.0,161.0,162.0,152.0,161.0,152.0,158.0,135.0,158.0,136.0,177.0,163.0,177.0,166.0,198.0,184.0,204.0,195.0,107.0,70.0,107.0,68.0,84.0,126.0,84.0,128.0,60.0,176.0,58.0,180.0
00000008.jpg,114.0,197.0,107.0,198.0,107.0,198.0,97.0,185.0,97.0,185.0,108.0,155.0,107.0,155.0,78.0,197.0,79.0,199.0,46.0,227.0,48.0,224.0,155.0,48.0,151.0,55.0,185.0,136.0,180.0,138.0,204.0,219.0,194.0,213.0
00000009.jpg,133.0,183.0,140.0,184.0,139.0,184.0,150.0,172.0,149.0,172.0,145.0,148.0,139.0,150.0,165.0,186.0,160.0,195.0,189.0,211.0,188.0,224.0,88.0,59.0,85.0,58.0,58.0,140.0,55.0,143.0,23.0,205.0,19.0,210.0
00000011.jpg,96.0,173.0,92.0,171.0,91.0,171.0,92.0,156.0,91.0,155.0,103.0,143.0,99.0,141.0,86.0,192.0,84.0,186.0,56.0,229.0,56.0,217.0,145.0,53.0,144.0,55.0,177.0,139.0,175.0,139.0,206.0,216.0,201.0,209.0
00000012.jpg,129.0,169.0,124.0,172.0,124.0,171.0,110.0,166.0,112.0,166.0,114.0,136.0,111.0,137.0,97.0,178.0,96.0,176.0,77.0,215.0,77.0,204.0,162.0,52.0,161.0,51.0,188.0,133.0,189.0,133.0,211.0,200.0,209.0,197.0
00000014.jpg,116.0,166.0,110.0,169.0,110.0,169.0,98.0,161.0,98.0,161.0,106.0,136.0,104.0,136.0,92.0,182.0,90.0,178.0,68.0,216.0,68.0,204.0,156.0,45.0,153.0,53.0,186.0,125.0,186.0,126.0,211.0,199.0,207.0,196.0
00000016.jpg,91.0,166.0,87.0,165.0,86.0,165.0,84.0,150.0,82.0,150.0,93.0,133.0,90.0,130.0,72.0,189.0,72.0,181.0,42.0,231.0,48.0,215.0,155.0,29.0,151.0,28.0,200.0,130.0,200.0,130.0,229.0,217.0,229.0,216.0
00000018.jpg,154.0,179.0,158.0,181.0,158.0,181.0,161.0,174.0,162.0,174.0,156.0,156.0,156.0,158.0,165.0,189.0,165.0,191.0,183.0,212.0,184.0,218.0,115.0,102.0,115.0,98.0,98.0,155.0,95.0,157.0,75.0,205.0,73.0,207.0
00000019.jpg,147.0,162.0,153.0,164.0,153.0,164.0,158.0,153.0,158.0,153.0,152.0,133.0,151.0,133.0,165.0,172.0,165.0,175.0,185.0,193.0,190.0,205.0,104.0,68.0,103.0,65.0,77.0,131.0,76.0,132.0,53.0,188.0,48.0,194.0
00000020.jpg,108.0,171.0,102.0,174.0,103.0,173.0,89.0,167.0,90.0,167.0,94.0,135.0,92.0,135.0,75.0,178.0,71.0,176.0,48.0,215.0,48.0,204.0,148.0,54.0,147.0,56.0,181.0,131.0,179.0,131.0,205.0,201.0,200.0,198.0
00000021.jpg,163.0,191.0,169.0,192.0,168.0,192.0,174.0,180.0,174.0,181.0,163.0,161.0,164.0,161.0,178.0,203.0,176.0,207.0,198.0,229.0,202.0,238.0,110.0,106.0,109.0,105.0,80.0,165.0,79.0,164.0,46.0,217.0,45.0,222.0
00000022.jpg,154.0,184.0,160.0,182.0,160.0,183.0,166.0,166.0,165.0,166.0,153.0,147.0,154.0,145.0,179.0,190.0,182.0,189.0,209.0,218.0,213.0,222.0,102.0,50.0,101.0,50.0,65.0,130.0,64.0,132.0,31.0,206.0,27.0,210.0
00000023.jpg,148.0,170.0,156.0,175.0,153.0,175.0,167.0,167.0,160.0,168.0,173.0,134.0,144.0,139.0,188.0,176.0,169.0,200.0,216.0,214.0,203.0,235.0,102.0,35.0,89.0,24.0,71.0,118.0,58.0,116.0,51.0,190.0,35.0,200.0
00000024.jpg,142.0,185.0,149.0,186.0,148.0,186.0,157.0,169.0,154.0,169.0,154.0,143.0,140.0,142.0,178.0,179.0,171.0,188.0,205.0,208.0,203.0,217.0,89.0,43.0,87.0,42.0,54.0,126.0,51.0,124.0,35.0,199.0,25.0,203.0
00000025.jpg,101.0,177.0,94.0,176.0,94.0,176.0,87.0,161.0,87.0,161.0,101.0,139.0,100.0,138.0,71.0,190.0,71.0,187.0,35.0,231.0,47.0,214.0,167.0,28.0,165.0,29.0,203.0,125.0,201.0,126.0,232.0,216.0,229.0,209.0
00000026.jpg,97.0,168.0,92.0,170.0,91.0,169.0,82.0,162.0,83.0,162.0,90.0,139.0,88.0,139.0,76.0,179.0,75.0,170.0,49.0,210.0,52.0,190.0,139.0,76.0,138.0,76.0,170.0,138.0,170.0,138.0,201.0,193.0,199.0,191.0
00000027.jpg,157.0,170.0,164.0,170.0,164.0,170.0,170.0,152.0,169.0,152.0,158.0,131.0,155.0,132.0,181.0,180.0,184.0,182.0,207.0,201.0,217.0,225.0,100.0,40.0,96.0,37.0,70.0,126.0,64.0,127.0,49.0,203.0,26.0,207.0
00000029.jpg,121.0,187.0,126.0,190.0,126.0,190.0,136.0,182.0,137.0,182.0,139.0,157.0,137.0,158.0,159.0,194.0,159.0,201.0,184.0,212.0,193.0,228.0,87.0,80.0,85.0,80.0,57.0,150.0,56.0,149.0,37.0,209.0,30.0,214.0
00000030.jpg,133.0,153.0,138.0,155.0,136.0,156.0,144.0,146.0,140.0,147.0,149.0,122.0,125.0,129.0,162.0,155.0,147.0,174.0,187.0,184.0,176.0,202.0,92.0,45.0,78.0,43.0,66.0,112.0,56.0,110.0,50.0,169.0,34.0,175.0
00000031.jpg,137.0,176.0,145.0,179.0,143.0,181.0,155.0,168.0,155.0,167.0,151.0,147.0,151.0,145.0,175.0,194.0,174.0,198.0,195.0,218.0,200.0,226.0,107.0,82.0,108.0,85.0,79.0,125.0,81.0,119.0,53.0,206.0,53.0,209.0
00000032.jpg,131.0,207.0,126.0,212.0,126.0,211.0,109.0,203.0,111.0,203.0,105.0,172.0,105.0,174.0,78.0,213.0,75.0,210.0,42.0,241.0,44.0,237.0,151.0,72.0,151.0,72.0,193.0,154.0,194.0,154.0,231.0,228.0,228.0,226.0
00000033.jpg,88.0,185.0,82.0,183.0,82.0,183.0,77.0,168.0,76.0,169.0,87.0,148.0,87.0,148.0,72.0,196.0,72.0,192.0,45.0,231.0,51.0,218.0,139.0,40.0,137.0,44.0,183.0,129.0,182.0,132.0,215.0,209.0,215.0,208.0
00000035.jpg,143.0,178.0,141.0,178.0,135.0,179.0,138.0,165.0,125.0,164.0,158.0,135.0,125.0,136.0,132.0,177.0,82.0,175.0,78.0,210.0,31.0,202.0,202.0,54.0,175.0,60.0,227.0,125.0,200.0,132.0,225.0,184.0,225.0,183.0
00000037.jpg,152.0,184.0,157.0,188.0,158.0,188.0,172.0,183.0,174.0,184.0,178.0,156.0,178.0,156.0,189.0,196.0,187.0,200.0,213.0,225.0,209.0,238.0,117.0,119.0,113.0,114.0,83.0,169.0,68.0,161.0,52.0,215.0,27.0,213.0
00000038.jpg,159.0,133.0,163.0,137.0,163.0,137.0,172.0,133.0,171.0,134.0,169.0,111.0,167.0,116.0,178.0,138.0,177.0,154.0,188.0,145.0,198.0,190.0,123.0,40.0,122.0,41.0,103.0,103.0,101.0,107.0,80.0,155.0,76.0,162.0
00000039.jpg,132.0,162.0,138.0,166.0,139.0,167.0,151.0,158.0,151.0,158.0,154.0,133.0,155.0,130.0,172.0,181.0,174.0,182.0,199.0,220.0,203.0,227.0,102.0,62.0,101.0,58.0,73.0,137.0,72.0,137.0,44.0,215.0,40.0,220.0
00000040.jpg,118.0,199.0,110.0,202.0,110.0,203.0,95.0,192.0,96.0,192.0,109.0,160.0,105.0,160.0,79.0,208.0,81.0,201.0,43.0,238.0,57.0,220.0,159.0,60.0,157.0,59.0,201.0,145.0,195.0,144.0,240.0,224.0,225.0,208.0
00000042.jpg,143.0,178.0,141.0,178.0,135.0,179.0,138.0,165.0,125.0,164.0,158.0,135.0,125.0,136.0,132.0,177.0,82.0,175.0,78.0,210.0,31.0,202.0,202.0,54.0,175.0,60.0,227.0,125.0,200.0,132.0,225.0,184.0,225.0,183.0
00000043.jpg,101.0,177.0,94.0,176.0,94.0,176.0,87.0,161.0,87.0,161.0,101.0,139.0,100.0,138.0,71.0,190.0,71.0,187.0,35.0,231.0,47.0,214.0,167.0,28.0,165.0,29.0,203.0,125.0,201.0,126.0,232.0,216.0,229.0,209.0
00000044.jpg,121.0,187.0,126.0,190.0,126.0,190.0,136.0,182.0,137.0,182.0,139.0,157.0,137.0,158.0,159.0,194.0,159.0,201.0,184.0,212.0,193.0,228.0,87.0,80.0,85.0,80.0,57.0,150.0,56.0,149.0,37.0,209.0,30.0,214.0
00000045.jpg,137.0,176.0,145.0,179.0,143.0,181.0,155.0,168.0,155.0,167.0,151.0,147.0,151.0,145.0,175.0,194.0,174.0,198.0,195.0,218.0,200.0,226.0,107.0,82.0,108.0,85.0,79.0,125.0,81.0,119.0,53.0,206.0,53.0,209.0
00000046.jpg,88.0,185.0,82.0,183.0,82.0,183.0,77.0,168.0,76.0,169.0,87.0,148.0,87.0,148.0,72.0,196.0,72.0,192.0,45.0,231.0,51.0,218.0,139.0,40.0,137.0,44.0,183.0,129.0,182.0,132.0,215.0,209.0,215.0,208.0
00000047.jpg,113.0,195.0,107.0,198.0,107.0,198.0,98.0,190.0,97.0,191.0,104.0,169.0,105.0,168.0,88.0,206.0,91.0,206.0,67.0,235.0,71.0,230.0,147.0,100.0,146.0,101.0,174.0,162.0,174.0,163.0,202.0,223.0,200.0,222.0
00000048.jpg,161.0,137.0,169.0,140.0,169.0,140.0,179.0,123.0,178.0,123.0,163.0,104.0,165.0,106.0,173.0,151.0,172.0,166.0,184.0,190.0,194.0,214.0,95.0,44.0,93.0,43.0,64.0,124.0,61.0,130.0,55.0,181.0,42.0,211.0
00000049.jpg,130.0,186.0,138.0,191.0,138.0,191.0,151.0,181.0,151.0,180.0,148.0,146.0,146.0,147.0,171.0,182.0,172.0,190.0,201.0,210.0,207.0,233.0,95.0,74.0,93.0,70.0,67.0,132.0,66.0,130.0,43.0,210.0,37.0,222.0
00000050.jpg,146.0,170.0,151.0,174.0,151.0,174.0,160.0,166.0,160.0,166.0,157.0,145.0,155.0,144.0,172.0,180.0,175.0,182.0,193.0,199.0,202.0,213.0,112.0,70.0,111.0,67.0,80.0,131.0,79.0,131.0,58.0,194.0,51.0,197.0
00000053.jpg,132.0,162.0,138.0,166.0,139.0,167.0,151.0,158.0,151.0,158.0,154.0,133.0,155.0,130.0,172.0,181.0,174.0,182.0,199.0,220.0,203.0,227.0,102.0,62.0,101.0,58.0,73.0,137.0,72.0,137.0,44.0,215.0,40.0,220.0
00000054.jpg,118.0,199.0,110.0,202.0,110.0,203.0,95.0,192.0,96.0,192.0,109.0,160.0,105.0,160.0,79.0,208.0,81.0,201.0,43.0,238.0,57.0,220.0,159.0,60.0,157.0,59.0,201.0,145.0,195.0,144.0,240.0,224.0,225.0,208.0
00000055.jpg,142.0,191.0,147.0,191.0,148.0,192.0,153.0,185.0,154.0,185.0,150.0,173.0,149.0,173.0,165.0,190.0,165.0,194.0,187.0,201.0,189.0,206.0,108.0,128.0,109.0,129.0,87.0,166.0,86.0,166.0,62.0,198.0,59.0,202.0
00000056.JPG,128.0,159.0,133.0,162.0,133.0,162.0,141.0,159.0,142.0,159.0,144.0,139.0,146.0,141.0,161.0,167.0,164.0,175.0,175.0,181.0,189.0,205.0,95.0,87.0,94.0,88.0,71.0,140.0,70.0,142.0,56.0,180.0,46.0,192.0
00000057.jpg,117.0,183.0,122.0,185.0,122.0,185.0,130.0,175.0,129.0,175.0,125.0,157.0,124.0,157.0,138.0,196.0,140.0,197.0,148.0,220.0,156.0,237.0,71.0,87.0,70.0,86.0,46.0,153.0,45.0,153.0,27.0,213.0,23.0,218.0
00000058.jpg,159.0,133.0,163.0,137.0,163.0,137.0,172.0,133.0,171.0,134.0,169.0,111.0,167.0,116.0,178.0,138.0,177.0,154.0,188.0,145.0,198.0,190.0,123.0,40.0,122.0,41.0,103.0,103.0,101.0,107.0,80.0,155.0,76.0,162.0
00000059.jpg,155.0,186.0,162.0,189.0,162.0,189.0,174.0,176.0,173.0,175.0,167.0,141.0,164.0,141.0,191.0,191.0,191.0,198.0,221.0,223.0,225.0,236.0,103.0,32.0,101.0,21.0,55.0,133.0,54.0,130.0,22.0,219.0,22.0,219.0
00000060.jpg,152.0,168.0,159.0,171.0,159.0,171.0,171.0,161.0,170.0,161.0,167.0,138.0,165.0,138.0,191.0,182.0,191.0,188.0,209.0,206.0,218.0,228.0,101.0,33.0,102.0,29.0,63.0,120.0,60.0,120.0,36.0,195.0,23.0,204.0
00000061.jpg,155.0,181.0,162.0,181.0,162.0,181.0,169.0,163.0,168.0,163.0,157.0,139.0,156.0,139.0,181.0,189.0,182.0,194.0,210.0,218.0,215.0,232.0,89.0,69.0,88.0,64.0,71.0,147.0,72.0,146.0,28.0,215.0,28.0,216.0
00000062.jpg,94.0,164.0,88.0,164.0,87.0,163.0,83.0,153.0,83.0,152.0,96.0,141.0,94.0,132.0,71.0,178.0,73.0,159.0,36.0,199.0,52.0,167.0,155.0,74.0,154.0,71.0,192.0,138.0,189.0,134.0,229.0,191.0,210.0,172.0
00000067.jpg,137.0,189.0,144.0,192.0,144.0,192.0,156.0,183.0,155.0,184.0,152.0,155.0,149.0,156.0,178.0,188.0,179.0,201.0,208.0,208.0,217.0,222.0,95.0,57.0,94.0,58.0,54.0,145.0,53.0,145.0,27.0,215.0,23.0,220.0
00000068.jpg,152.0,175.0,154.0,174.0,154.0,174.0,157.0,168.0,155.0,167.0,151.0,160.0,148.0,160.0,162.0,180.0,157.0,179.0,173.0,199.0,172.0,200.0,114.0,121.0,112.0,118.0,99.0,162.0,96.0,161.0,80.0,202.0,79.0,202.0
00000074.jpg,162.0,193.0,169.0,193.0,169.0,193.0,175.0,179.0,174.0,178.0,166.0,157.0,167.0,156.0,184.0,199.0,188.0,200.0,212.0,221.0,217.0,228.0,110.0,59.0,108.0,56.0,71.0,141.0,71.0,141.0,42.0,215.0,40.0,217.0
00000077.jpg,161.0,191.0,169.0,189.0,168.0,189.0,168.0,173.0,168.0,172.0,156.0,157.0,153.0,160.0,183.0,190.0,182.0,202.0,213.0,211.0,218.0,224.0,94.0,66.0,92.0,65.0,53.0,143.0,52.0,146.0,21.0,211.0,19.0,214.0
00000080.jpg,131.0,78.0,162.0,95.0,162.0,92.0,170.0,97.0,167.0,92.0,156.0,81.0,166.0,116.0,166.0,116.0,182.0,119.0,161.0,134.0,116.0,139.0,133.0,163.0,181.0,118.0,189.0,141.0,120.0,203.0,150.0,240.0,133.0,255.0
00000083.jpg,113.0,195.0,107.0,198.0,107.0,198.0,98.0,190.0,97.0,191.0,104.0,169.0,105.0,168.0,88.0,206.0,91.0,206.0,67.0,235.0,71.0,230.0,147.0,100.0,146.0,101.0,174.0,162.0,174.0,163.0,202.0,223.0,200.0,222.0
00000084.jpg,152.0,168.0,159.0,171.0,159.0,171.0,171.0,161.0,170.0,161.0,167.0,138.0,165.0,138.0,191.0,182.0,191.0,188.0,209.0,206.0,218.0,228.0,101.0,33.0,102.0,29.0,63.0,120.0,60.0,120.0,36.0,195.0,23.0,204.0
00000085.jpg,145.0,168.0,148.0,168.0,148.0,168.0,149.0,157.0,148.0,158.0,140.0,144.0,135.0,144.0,152.0,177.0,150.0,178.0,168.0,207.0,170.0,214.0,100.0,67.0,97.0,67.0,75.0,135.0,74.0,136.0,59.0,208.0,58.0,208.0
00000088.JPG,128.0,159.0,133.0,162.0,133.0,162.0,141.0,159.0,142.0,159.0,144.0,139.0,146.0,141.0,161.0,167.0,164.0,175.0,175.0,181.0,189.0,205.0,95.0,87.0,94.0,88.0,71.0,140.0,70.0,142.0,56.0,180.0,46.0,192.0
00000089.jpg,162.0,172.0,169.0,169.0,168.0,169.0,166.0,153.0,165.0,152.0,154.0,144.0,150.0,147.0,179.0,189.0,174.0,194.0,209.0,215.0,213.0,226.0,98.0,49.0,94.0,47.0,64.0,133.0,61.0,135.0,34.0,209.0,30.0,212.0
00000090.jpg,94.0,164.0,88.0,164.0,87.0,163.0,83.0,153.0,83.0,152.0,96.0,141.0,94.0,132.0,71.0,178.0,73.0,159.0,36.0,199.0,52.0,167.0,155.0,74.0,154.0,71.0,192.0,138.0,189.0,134.0,229.0,191.0,210.0,172.0
00000092.jpg,162.0,193.0,169.0,193.0,169.0,193.0,175.0,179.0,174.0,178.0,166.0,157.0,167.0,156.0,184.0,199.0,188.0,200.0,212.0,221.0,217.0,228.0,110.0,59.0,108.0,56.0,71.0,141.0,71.0,141.0,42.0,215.0,40.0,217.0
00000094.jpg,159.0,161.0,167.0,162.0,167.0,162.0,173.0,147.0,173.0,147.0,162.0,125.0,159.0,127.0,183.0,162.0,183.0,169.0,208.0,184.0,216.0,204.0,97.0,56.0,94.0,55.0,60.0,128.0,57.0,128.0,37.0,185.0,23.0,189.0
00000095.jpg,111.0,147.0,107.0,150.0,101.0,149.0,107.0,143.0,95.0,138.0,125.0,129.0,96.0,100.0,95.0,182.0,70.0,129.0,64.0,220.0,49.0,154.0,196.0,38.0,178.0,27.0,214.0,107.0,199.0,97.0,227.0,154.0,211.0,134.0
00000097.jpg,150.0,174.0,157.0,175.0,157.0,175.0,166.0,160.0,165.0,160.0,161.0,135.0,158.0,137.0,185.0,171.0,187.0,179.0,211.0,197.0,221.0,217.0,83.0,46.0,84.0,48.0,75.0,140.0,76.0,141.0,29.0,188.0,19.0,196.0
00000098.jpg,155.0,186.0,162.0,189.0,162.0,189.0,174.0,176.0,173.0,175.0,167.0,141.0,164.0,141.0,191.0,191.0,191.0,198.0,221.0,223.0,225.0,236.0,103.0,32.0,101.0,21.0,55.0,133.0,54.0,130.0,22.0,219.0,22.0,219.0
00000099.jpg,137.0,189.0,144.0,192.0,144.0,192.0,156.0,183.0,155.0,184.0,152.0,155.0,149.0,156.0,178.0,188.0,179.0,201.0,208.0,208.0,217.0,222.0,95.0,57.0,94.0,58.0,54.0,145.0,53.0,145.0,27.0,215.0,23.0,220.0
00000100.jpg,130.0,185.0,137.0,189.0,136.0,189.0,149.0,183.0,150.0,184.0,152.0,159.0,150.0,160.0,176.0,196.0,173.0,202.0,207.0,220.0,210.0,232.0,97.0,71.0,95.0,70.0,60.0,147.0,59.0,145.0,27.0,209.0,24.0,210.0
00000101.jpg,152.0,175.0,154.0,174.0,154.0,174.0,157.0,168.0,155.0,167.0,151.0,160.0,148.0,160.0,162.0,180.0,157.0,179.0,173.0,199.0,172.0,200.0,114.0,121.0,112.0,118.0,99.0,162.0,96.0,161.0,80.0,202.0,79.0,202.0
00000103.jpg,161.0,191.0,169.0,189.0,168.0,189.0,168.0,173.0,168.0,172.0,156.0,157.0,153.0,160.0,183.0,190.0,182.0,202.0,213.0,211.0,218.0,224.0,94.0,66.0,92.0,65.0,53.0,143.0,52.0,146.0,21.0,211.0,19.0,214.0
00000105.jpg,165.0,143.0,172.0,146.0,171.0,147.0,180.0,135.0,179.0,136.0,181.0,113.0,166.0,114.0,192.0,162.0,184.0,172.0,213.0,207.0,208.0,228.0,125.0,39.0,114.0,30.0,90.0,111.0,85.0,111.0,56.0,178.0,55.0,181.0
00000106.jpg,108.0,203.0,104.0,203.0,104.0,202.0,98.0,195.0,98.0,194.0,109.0,180.0,109.0,178.0,84.0,204.0,85.0,203.0,60.0,222.0,62.0,221.0,152.0,135.0,151.0,133.0,183.0,175.0,183.0,176.0,210.0,219.0,204.0,218.0
00000107.jpg,100.0,204.0,95.0,204.0,95.0,204.0,89.0,194.0,87.0,196.0,97.0,178.0,95.0,179.0,81.0,209.0,84.0,209.0,60.0,231.0,62.0,229.0,127.0,125.0,129.0,129.0,156.0,169.0,158.0,169.0,179.0,218.0,179.0,218.0
00000108.jpg,161.0,157.0,167.0,159.0,167.0,159.0,176.0,148.0,175.0,148.0,169.0,128.0,168.0,126.0,194.0,162.0,195.0,165.0,224.0,185.0,228.0,189.0,116.0,55.0,114.0,54.0,80.0,116.0,78.0,116.0,51.0,173.0,43.0,174.0
00000109.jpg,135.0,195.0,138.0,198.0,139.0,197.0,145.0,191.0,144.0,191.0,141.0,172.0,141.0,172.0,152.0,202.0,153.0,206.0,167.0,218.0,172.0,229.0,114.0,108.0,114.0,108.0,94.0,160.0,93.0,160.0,75.0,209.0,75.0,210.0
00000111.jpg,125.0,202.0,126.0,198.0,124.0,199.0,133.0,188.0,130.0,190.0,144.0,194.0,141.0,189.0,132.0,215.0,128.0,207.0,107.0,228.0,105.0,220.0,188.0,211.0,180.0,211.0,157.0,227.0,159.0,218.0,194.0,229.0,194.0,229.0
00000112.jpg,82.0,146.0,74.0,150.0,74.0,150.0,59.0,142.0,59.0,143.0,67.0,110.0,68.0,114.0,47.0,169.0,54.0,161.0,17.0,213.0,33.0,186.0,129.0,25.0,128.0,25.0,171.0,112.0,170.0,111.0,207.0,183.0,207.0,182.0
00000115.jpg,134.0,186.0,140.0,187.0,140.0,187.0,146.0,179.0,147.0,179.0,141.0,166.0,141.0,169.0,158.0,186.0,157.0,193.0,179.0,195.0,181.0,205.0,100.0,123.0,99.0,124.0,73.0,162.0,72.0,163.0,52.0,192.0,45.0,199.0
00000118.jpg,140.0,190.0,148.0,192.0,148.0,192.0,159.0,176.0,159.0,177.0,151.0,150.0,148.0,151.0,177.0,196.0,179.0,200.0,206.0,222.0,213.0,235.0,92.0,59.0,87.0,54.0,58.0,137.0,56.0,137.0,27.0,215.0,27.0,216.0
00000120.jpg,131.0,78.0,162.0,95.0,162.0,92.0,170.0,97.0,167.0,92.0,156.0,81.0,166.0,116.0,166.0,116.0,182.0,119.0,161.0,134.0,116.0,139.0,133.0,163.0,181.0,118.0,189.0,141.0,120.0,203.0,150.0,240.0,133.0,255.0
00000121.jpg,140.0,178.0,147.0,181.0,147.0,181.0,159.0,170.0,159.0,171.0,159.0,141.0,158.0,140.0,184.0,181.0,186.0,182.0,215.0,210.0,218.0,213.0,101.0,48.0,100.0,47.0,61.0,121.0,58.0,121.0,28.0,199.0,27.0,201.0
00000124.jpg,130.0,185.0,137.0,189.0,136.0,189.0,149.0,183.0,150.0,184.0,152.0,159.0,150.0,160.0,176.0,196.0,173.0,202.0,207.0,220.0,210.0,232.0,97.0,71.0,95.0,70.0,60.0,147.0,59.0,145.0,27.0,209.0,24.0,210.0
00000125.jpg,134.0,186.0,140.0,187.0,140.0,187.0,146.0,179.0,147.0,179.0,141.0,166.0,141.0,169.0,158.0,186.0,157.0,193.0,179.0,195.0,181.0,205.0,100.0,123.0,99.0,124.0,73.0,162.0,72.0,163.0,52.0,192.0,45.0,199.0
00000126.jpg,159.0,161.0,167.0,162.0,167.0,162.0,173.0,147.0,173.0,147.0,162.0,125.0,159.0,127.0,183.0,162.0,183.0,169.0,208.0,184.0,216.0,204.0,97.0,56.0,94.0,55.0,60.0,128.0,57.0,128.0,37.0,185.0,23.0,189.0
00000128.jpg,140.0,180.0,149.0,182.0,149.0,182.0,158.0,165.0,157.0,165.0,156.0,137.0,146.0,141.0,181.0,176.0,179.0,188.0,214.0,202.0,216.0,217.0,94.0,27.0,90.0,27.0,56.0,119.0,55.0,120.0,26.0,200.0,25.0,204.0
00000129.jpg,162.0,172.0,169.0,169.0,168.0,169.0,166.0,153.0,165.0,152.0,154.0,144.0,150.0,147.0,179.0,189.0,174.0,194.0,209.0,215.0,213.0,226.0,98.0,49.0,94.0,47.0,64.0,133.0,61.0,135.0,34.0,209.0,30.0,212.0
00000130.jpg,150.0,174.0,157.0,175.0,157.0,175.0,166.0,160.0,165.0,160.0,161.0,135.0,158.0,137.0,185.0,171.0,187.0,179.0,211.0,197.0,221.0,217.0,83.0,46.0,84.0,48.0,75.0,140.0,76.0,141.0,29.0,188.0,19.0,196.0
00000131.jpg,103.0,138.0,107.0,144.0,106.0,145.0,131.0,135.0,116.0,139.0,137.0,105.0,120.0,109.0,153.0,152.0,136.0,168.0,226.0,161.0,172.0,219.0,84.0,32.0,64.0,24.0,58.0,106.0,43.0,103.0,46.0,170.0,25.0,178.0
00000133.jpg,135.0,195.0,138.0,198.0,139.0,197.0,145.0,191.0,144.0,191.0,141.0,172.0,141.0,172.0,152.0,202.0,153.0,206.0,167.0,218.0,172.0,229.0,114.0,108.0,114.0,108.0,94.0,160.0,93.0,160.0,75.0,209.0,75.0,210.0
00000134.jpg,161.0,157.0,167.0,159.0,167.0,159.0,176.0,148.0,175.0,148.0,169.0,128.0,168.0,126.0,194.0,162.0,195.0,165.0,224.0,185.0,228.0,189.0,116.0,55.0,114.0,54.0,80.0,116.0,78.0,116.0,51.0,173.0,43.0,174.0
00000137.jpg,137.0,166.0,143.0,170.0,143.0,170.0,157.0,158.0,155.0,158.0,151.0,131.0,150.0,125.0,171.0,177.0,173.0,176.0,202.0,212.0,205.0,214.0,94.0,40.0,94.0,40.0,58.0,124.0,58.0,125.0,25.0,202.0,24.0,204.0
00000138.jpg,140.0,178.0,147.0,181.0,147.0,181.0,159.0,170.0,159.0,171.0,159.0,141.0,158.0,140.0,184.0,181.0,186.0,182.0,215.0,210.0,218.0,213.0,101.0,48.0,100.0,47.0,61.0,121.0,58.0,121.0,28.0,199.0,27.0,201.0
00000139.jpg,142.0,153.0,145.0,155.0,144.0,157.0,153.0,144.0,152.0,146.0,146.0,125.0,146.0,131.0,175.0,149.0,172.0,164.0,202.0,162.0,217.0,190.0,78.0,80.0,80.0,88.0,70.0,108.0,69.0,111.0,39.0,159.0,29.0,171.0
00000140.jpg,140.0,190.0,148.0,192.0,148.0,192.0,159.0,176.0,159.0,177.0,151.0,150.0,148.0,151.0,177.0,196.0,179.0,200.0,206.0,222.0,213.0,235.0,92.0,59.0,87.0,54.0,58.0,137.0,56.0,137.0,27.0,215.0,27.0,216.0
00000142.jpg,161.0,186.0,167.0,188.0,167.0,187.0,174.0,178.0,175.0,178.0,167.0,161.0,168.0,160.0,181.0,190.0,182.0,203.0,212.0,196.0,217.0,207.0,109.0,94.0,108.0,95.0,70.0,146.0,71.0,147.0,35.0,191.0,31.0,196.0
00000143.jpg,177.0,159.0,181.0,157.0,180.0,156.0,180.0,139.0,177.0,139.0,174.0,126.0,163.0,128.0,190.0,173.0,175.0,182.0,211.0,213.0,200.0,225.0,117.0,55.0,110.0,52.0,89.0,143.0,83.0,144.0,57.0,207.0,42.0,210.0
00000144.jpg,92.0,185.0,86.0,185.0,86.0,184.0,80.0,172.0,80.0,172.0,91.0,153.0,91.0,150.0,70.0,190.0,72.0,189.0,42.0,223.0,55.0,218.0,141.0,62.0,140.0,62.0,172.0,139.0,170.0,137.0,199.0,207.0,199.0,206.0
00000145.jpg,117.0,153.0,121.0,156.0,122.0,156.0,130.0,149.0,130.0,150.0,131.0,128.0,133.0,129.0,146.0,164.0,150.0,167.0,163.0,183.0,176.0,200.0,89.0,65.0,88.0,65.0,60.0,126.0,58.0,128.0,43.0,183.0,34.0,194.0
00000146.jpg,154.0,197.0,162.0,197.0,162.0,197.0,170.0,179.0,169.0,178.0,168.0,150.0,156.0,154.0,191.0,177.0,187.0,197.0,231.0,197.0,234.0,225.0,103.0,37.0,102.0,41.0,46.0,125.0,45.0,125.0,14.0,179.0,6.0,187.0
00000150.jpg,155.0,140.0,161.0,141.0,160.0,142.0,167.0,130.0,166.0,130.0,164.0,111.0,162.0,112.0,183.0,153.0,185.0,159.0,199.0,174.0,206.0,192.0,114.0,32.0,112.0,31.0,91.0,108.0,90.0,113.0,73.0,171.0,62.0,191.0
00000151.jpg,104.0,169.0,99.0,170.0,98.0,170.0,89.0,162.0,88.0,161.0,97.0,146.0,89.0,139.0,71.0,177.0,72.0,166.0,44.0,201.0,51.0,177.0,142.0,73.0,139.0,71.0,182.0,129.0,175.0,128.0,213.0,177.0,200.0,168.0
00000152.jpg,172.0,152.0,180.0,155.0,180.0,155.0,190.0,144.0,189.0,144.0,180.0,120.0,185.0,122.0,189.0,162.0,197.0,171.0,207.0,191.0,220.0,210.0,112.0,65.0,109.0,65.0,68.0,133.0,67.0,135.0,35.0,181.0,25.0,191.0
00000153.jpg,109.0,158.0,103.0,160.0,103.0,160.0,91.0,151.0,91.0,150.0,95.0,120.0,97.0,118.0,77.0,175.0,81.0,166.0,48.0,224.0,63.0,193.0,156.0,22.0,156.0,23.0,185.0,119.0,182.0,119.0,222.0,206.0,205.0,185.0
00000154.jpg,129.0,133.0,133.0,137.0,133.0,137.0,142.0,133.0,142.0,133.0,147.0,115.0,146.0,117.0,160.0,152.0,157.0,156.0,174.0,169.0,178.0,181.0,105.0,49.0,103.0,49.0,84.0,112.0,83.0,113.0,55.0,165.0,51.0,170.0
00000155.jpg,133.0,164.0,127.0,169.0,127.0,169.0,119.0,166.0,118.0,165.0,124.0,144.0,117.0,138.0,107.0,184.0,105.0,171.0,83.0,211.0,84.0,186.0,171.0,61.0,167.0,61.0,196.0,131.0,192.0,128.0,212.0,186.0,208.0,175.0
00000156.jpg,142.0,189.0,146.0,190.0,146.0,191.0,150.0,183.0,150.0,183.0,147.0,172.0,146.0,172.0,163.0,191.0,165.0,195.0,183.0,198.0,187.0,204.0,107.0,126.0,107.0,127.0,98.0,169.0,97.0,170.0,67.0,192.0,64.0,196.0
00000158.jpg,117.0,153.0,121.0,156.0,122.0,156.0,130.0,149.0,130.0,150.0,131.0,128.0,133.0,129.0,146.0,164.0,150.0,167.0,163.0,183.0,176.0,200.0,89.0,65.0,88.0,65.0,60.0,126.0,58.0,128.0,43.0,183.0,34.0,194.0
00000159.jpg,172.0,152.0,180.0,155.0,180.0,155.0,190.0,144.0,189.0,144.0,180.0,120.0,185.0,122.0,189.0,162.0,197.0,171.0,207.0,191.0,220.0,210.0,112.0,65.0,109.0,65.0,68.0,133.0,67.0,135.0,35.0,181.0,25.0,191.0
00000160.jpg,129.0,133.0,133.0,137.0,133.0,137.0,142.0,133.0,142.0,133.0,147.0,115.0,146.0,117.0,160.0,152.0,157.0,156.0,174.0,169.0,178.0,181.0,105.0,49.0,103.0,49.0,84.0,112.0,83.0,113.0,55.0,165.0,51.0,170.0
00000161.jpg,154.0,197.0,162.0,197.0,162.0,197.0,170.0,179.0,169.0,178.0,168.0,150.0,156.0,154.0,191.0,177.0,187.0,197.0,231.0,197.0,234.0,225.0,103.0,37.0,102.0,41.0,46.0,125.0,45.0,125.0,14.0,179.0,6.0,187.0
00000162.jpg,104.0,169.0,99.0,170.0,98.0,170.0,89.0,162.0,88.0,161.0,97.0,146.0,89.0,139.0,71.0,177.0,72.0,166.0,44.0,201.0,51.0,177.0,142.0,73.0,139.0,71.0,182.0,129.0,175.0,128.0,213.0,177.0,200.0,168.0
00000163.jpg,109.0,158.0,103.0,160.0,103.0,160.0,91.0,151.0,91.0,150.0,95.0,120.0,97.0,118.0,77.0,175.0,81.0,166.0,48.0,224.0,63.0,193.0,156.0,22.0,156.0,23.0,185.0,119.0,182.0,119.0,222.0,206.0,205.0,185.0
00000164.jpg,133.0,164.0,127.0,169.0,127.0,169.0,119.0,166.0,118.0,165.0,124.0,144.0,117.0,138.0,107.0,184.0,105.0,171.0,83.0,211.0,84.0,186.0,171.0,61.0,167.0,61.0,196.0,131.0,192.0,128.0,212.0,186.0,208.0,175.0
00000165.jpg,142.0,189.0,146.0,190.0,146.0,191.0,150.0,183.0,150.0,183.0,147.0,172.0,146.0,172.0,163.0,191.0,165.0,195.0,183.0,198.0,187.0,204.0,107.0,126.0,107.0,127.0,98.0,169.0,97.0,170.0,67.0,192.0,64.0,196.0
00000166.jpg,155.0,140.0,161.0,141.0,160.0,142.0,167.0,130.0,166.0,130.0,164.0,111.0,162.0,112.0,183.0,153.0,185.0,159.0,199.0,174.0,206.0,192.0,114.0,32.0,112.0,31.0,91.0,108.0,90.0,113.0,73.0,171.0,62.0,191.0
00000168.jpg,129.0,102.0,134.0,93.0,131.0,100.0,148.0,118.0,132.0,97.0,143.0,123.0,102.0,116.0,162.0,151.0,121.0,140.0,178.0,180.0,134.0,141.0,132.0,153.0,111.0,150.0,120.0,165.0,90.0,172.0,125.0,194.0,95.0,198.0
00000170.jpg,142.0,188.0,148.0,191.0,147.0,191.0,155.0,183.0,156.0,183.0,153.0,163.0,151.0,163.0,167.0,199.0,163.0,205.0,183.0,219.0,185.0,237.0,121.0,64.0,119.0,63.0,95.0,134.0,94.0,136.0,72.0,209.0,70.0,211.0
00000172.jpg,122.0,150.0,116.0,151.0,116.0,150.0,107.0,139.0,107.0,139.0,113.0,120.0,107.0,112.0,88.0,156.0,88.0,142.0,48.0,177.0,57.0,150.0,161.0,19.0,158.0,19.0,201.0,91.0,198.0,90.0,238.0,155.0,221.0,142.0
00000174.jpg,90.0,175.0,87.0,172.0,87.0,172.0,95.0,158.0,94.0,160.0,110.0,164.0,107.0,154.0,77.0,186.0,77.0,168.0,35.0,191.0,45.0,167.0,173.0,95.0,167.0,94.0,183.0,181.0,167.0,163.0,237.0,178.0,218.0,165.0
00000175.jpg,169.0,166.0,175.0,169.0,175.0,168.0,182.0,156.0,182.0,155.0,178.0,130.0,171.0,130.0,194.0,164.0,189.0,175.0,219.0,183.0,213.0,209.0,117.0,38.0,116.0,38.0,91.0,116.0,89.0,120.0,56.0,182.0,55.0,186.0
00000176.jpg,170.0,176.0,178.0,178.0,178.0,178.0,189.0,163.0,188.0,162.0,180.0,134.0,179.0,138.0,199.0,167.0,208.0,193.0,218.0,173.0,245.0,212.0,115.0,38.0,114.0,40.0,69.0,125.0,69.0,126.0,34.0,183.0,29.0,187.0
00000177.jpg,124.0,161.0,116.0,167.0,116.0,166.0,99.0,159.0,97.0,159.0,97.0,124.0,100.0,118.0,100.0,176.0,117.0,160.0,77.0,210.0,77.0,206.0,181.0,41.0,180.0,43.0,183.0,131.0,178.0,122.0,215.0,196.0,194.0,172.0
00000179.jpg,138.0,179.0,144.0,182.0,144.0,182.0,157.0,172.0,159.0,172.0,156.0,139.0,156.0,139.0,176.0,186.0,178.0,192.0,204.0,209.0,210.0,225.0,114.0,33.0,113.0,30.0,76.0,122.0,75.0,124.0,42.0,205.0,40.0,209.0
00000180.jpg,111.0,169.0,106.0,170.0,105.0,170.0,98.0,160.0,97.0,161.0,103.0,139.0,100.0,140.0,81.0,168.0,80.0,165.0,54.0,188.0,56.0,181.0,147.0,70.0,145.0,70.0,180.0,135.0,177.0,135.0,209.0,187.0,200.0,181.0
00000183.jpg,137.0,193.0,144.0,198.0,144.0,197.0,156.0,188.0,156.0,188.0,154.0,161.0,154.0,160.0,181.0,200.0,183.0,205.0,216.0,217.0,221.0,227.0,100.0,80.0,99.0,80.0,57.0,149.0,54.0,149.0,29.0,209.0,17.0,218.0
00000187.jpg,167.0,181.0,172.0,182.0,172.0,182.0,180.0,172.0,178.0,172.0,173.0,152.0,171.0,151.0,185.0,190.0,185.0,192.0,207.0,215.0,211.0,221.0,131.0,76.0,131.0,77.0,110.0,143.0,108.0,143.0,87.0,203.0,84.0,206.0
00000189.jpg,137.0,159.0,141.0,160.0,141.0,160.0,149.0,149.0,148.0,148.0,138.0,125.0,137.0,125.0,152.0,170.0,152.0,170.0,167.0,203.0,169.0,205.0,82.0,38.0,83.0,39.0,51.0,125.0,51.0,126.0,27.0,191.0,20.0,200.0
00000197.jpg,141.0,174.0,147.0,175.0,147.0,175.0,152.0,166.0,151.0,165.0,144.0,150.0,144.0,150.0,164.0,178.0,164.0,182.0,186.0,192.0,188.0,200.0,92.0,108.0,91.0,108.0,68.0,158.0,67.0,158.0,49.0,204.0,45.0,207.0
00000199.jpg,111.0,169.0,106.0,170.0,105.0,170.0,98.0,160.0,97.0,161.0,103.0,139.0,100.0,140.0,81.0,168.0,80.0,165.0,54.0,188.0,56.0,181.0,147.0,70.0,145.0,70.0,180.0,135.0,177.0,135.0,209.0,187.0,200.0,181.0
00000201.jpg,138.0,179.0,144.0,182.0,144.0,182.0,157.0,172.0,159.0,172.0,156.0,139.0,156.0,139.0,176.0,186.0,178.0,192.0,204.0,209.0,210.0,225.0,114.0,33.0,113.0,30.0,76.0,122.0,75.0,124.0,42.0,205.0,40.0,209.0
00000204.jpg,179.0,136.0,184.0,135.0,184.0,135.0,186.0,121.0,186.0,120.0,174.0,108.0,173.0,109.0,181.0,149.0,183.0,152.0,193.0,174.0,201.0,193.0,109.0,62.0,107.0,61.0,70.0,119.0,65.0,119.0,46.0,169.0,34.0,176.0
00000206.jpg,164.0,194.0,170.0,195.0,168.0,195.0,175.0,186.0,174.0,186.0,169.0,167.0,168.0,167.0,182.0,203.0,181.0,204.0,202.0,233.0,205.0,239.0,120.0,84.0,119.0,84.0,92.0,159.0,92.0,158.0,66.0,219.0,66.0,220.0
00000208.jpg,43.0,114.0,42.0,107.0,42.0,106.0,51.0,97.0,51.0,97.0,70.0,116.0,74.0,110.0,76.0,181.0,78.0,176.0,77.0,235.0,79.0,221.0,127.0,139.0,129.0,138.0,175.0,178.0,174.0,173.0,220.0,204.0,217.0,201.0
00000209.jpg,143.0,175.0,148.0,177.0,148.0,177.0,155.0,170.0,155.0,170.0,156.0,154.0,153.0,157.0,174.0,181.0,171.0,188.0,193.0,197.0,199.0,214.0,123.0,89.0,121.0,89.0,93.0,146.0,92.0,146.0,68.0,192.0,58.0,198.0
00000210.jpg,107.0,140.0,102.0,144.0,99.0,144.0,96.0,137.0,91.0,136.0,104.0,116.0,85.0,112.0,89.0,170.0,72.0,157.0,69.0,214.0,50.0,196.0,155.0,45.0,146.0,45.0,180.0,117.0,170.0,117.0,209.0,177.0,194.0,170.0
00000213.jpg,152.0,172.0,158.0,172.0,157.0,172.0,159.0,160.0,159.0,159.0,154.0,145.0,152.0,146.0,172.0,177.0,173.0,181.0,189.0,197.0,197.0,214.0,106.0,76.0,106.0,74.0,82.0,133.0,82.0,133.0,62.0,196.0,60.0,198.0
00000214.jpg,141.0,168.0,135.0,171.0,134.0,171.0,122.0,165.0,123.0,164.0,124.0,138.0,121.0,139.0,111.0,187.0,109.0,176.0,84.0,218.0,86.0,201.0,154.0,37.0,151.0,39.0,189.0,118.0,189.0,119.0,214.0,191.0,214.0,190.0
00000216.jpg,110.0,177.0,107.0,179.0,107.0,179.0,104.0,176.0,104.0,175.0,107.0,160.0,110.0,157.0,102.0,185.0,108.0,179.0,91.0,207.0,101.0,197.0,141.0,121.0,142.0,123.0,132.0,164.0,158.0,155.0,176.0,189.0,171.0,176.0
00000217.jpg,74.0,197.0,78.0,198.0,78.0,199.0,87.0,191.0,85.0,191.0,85.0,172.0,85.0,169.0,101.0,201.0,102.0,202.0,121.0,222.0,124.0,224.0,59.0,97.0,54.0,95.0,37.0,161.0,35.0,160.0,17.0,210.0,16.0,211.0
00000219.jpg,203.0,173.0,206.0,176.0,205.0,176.0,211.0,170.0,211.0,169.0,211.0,156.0,203.0,160.0,218.0,183.0,208.0,193.0,235.0,204.0,229.0,217.0,184.0,92.0,178.0,92.0,161.0,155.0,160.0,157.0,146.0,202.0,146.0,206.0
00000221.jpg,107.0,132.0,107.0,132.0,108.0,131.0,127.0,126.0,115.0,118.0,123.0,121.0,117.0,116.0,118.0,132.0,123.0,118.0,118.0,134.0,118.0,134.0,130.0,120.0,123.0,127.0,116.0,135.0,116.0,133.0,118.0,136.0,117.0,136.0
00000222.jpg,132.0,134.0,136.0,134.0,138.0,135.0,143.0,129.0,142.0,128.0,141.0,118.0,142.0,119.0,156.0,137.0,156.0,139.0,181.0,149.0,182.0,154.0,94.0,90.0,94.0,90.0,70.0,126.0,70.0,127.0,50.0,147.0,46.0,151.0
00000223.jpg,61.0,132.0,75.0,134.0,72.0,134.0,81.0,108.0,82.0,109.0,66.0,78.0,61.0,86.0,98.0,132.0,102.0,151.0,148.0,159.0,173.0,191.0,7.0,14.0,16.0,17.0,6.0,116.0,59.0,83.0,171.0,189.0,172.0,192.0
00000225.jpg,107.0,160.0,100.0,167.0,104.0,167.0,86.0,165.0,92.0,164.0,86.0,131.0,100.0,135.0,75.0,176.0,90.0,175.0,56.0,223.0,78.0,205.0,147.0,43.0,147.0,44.0,182.0,129.0,183.0,127.0,211.0,204.0,207.0,203.0
00000227.jpg,165.0,150.0,171.0,150.0,171.0,151.0,174.0,136.0,173.0,136.0,162.0,110.0,161.0,115.0,166.0,148.0,173.0,169.0,180.0,173.0,199.0,217.0,96.0,38.0,96.0,39.0,62.0,114.0,59.0,118.0,42.0,171.0,27.0,196.0
00000229.jpg,113.0,175.0,105.0,178.0,104.0,178.0,93.0,167.0,94.0,167.0,104.0,140.0,99.0,137.0,75.0,200.0,78.0,179.0,43.0,234.0,50.0,208.0,171.0,39.0,168.0,39.0,206.0,134.0,204.0,133.0,225.0,220.0,219.0,202.0
00000230.jpg,112.0,158.0,107.0,165.0,109.0,165.0,94.0,161.0,95.0,160.0,95.0,130.0,94.0,130.0,75.0,183.0,77.0,173.0,52.0,228.0,60.0,195.0,145.0,28.0,142.0,33.0,182.0,116.0,181.0,117.0,211.0,195.0,207.0,192.0
00000232.jpg,106.0,116.0,110.0,117.0,103.0,114.0,115.0,111.0,93.0,103.0,127.0,91.0,59.0,14.0,178.0,145.0,113.0,115.0,213.0,190.0,135.0,153.0,84.0,23.0,58.0,26.0,120.0,113.0,35.0,88.0,43.0,122.0,11.0,130.0
00000233.jpg,107.0,160.0,100.0,167.0,104.0,167.0,86.0,165.0,92.0,164.0,86.0,131.0,100.0,135.0,75.0,176.0,90.0,175.0,56.0,223.0,78.0,205.0,147.0,43.0,147.0,44.0,182.0,129.0,183.0,127.0,211.0,204.0,207.0,203.0
00000234.jpg,61.0,132.0,75.0,134.0,72.0,134.0,81.0,108.0,82.0,109.0,66.0,78.0,61.0,86.0,98.0,132.0,102.0,151.0,148.0,159.0,173.0,191.0,7.0,14.0,16.0,17.0,6.0,116.0,59.0,83.0,171.0,189.0,172.0,192.0
00000235.jpg,164.0,66.0,167.0,72.0,163.0,65.0,171.0,66.0,161.0,54.0,176.0,56.0,159.0,44.0,167.0,84.0,136.0,74.0,153.0,115.0,118.0,97.0,187.0,42.0,168.0,28.0,193.0,92.0,164.0,82.0,226.0,134.0,151.0,118.0
00000236.JPG,78.0,167.0,81.0,168.0,76.0,167.0,85.0,161.0,73.0,159.0,87.0,145.0,67.0,138.0,83.0,181.0,49.0,164.0,72.0,218.0,30.0,186.0,102.0,63.0,91.0,61.0,131.0,114.0,85.0,116.0,154.0,155.0,59.0,111.0
00000237.jpg,132.0,134.0,136.0,134.0,138.0,135.0,143.0,129.0,142.0,128.0,141.0,118.0,142.0,119.0,156.0,137.0,156.0,139.0,181.0,149.0,182.0,154.0,94.0,90.0,94.0,90.0,70.0,126.0,70.0,127.0,50.0,147.0,46.0,151.0
00000238.jpg,165.0,150.0,171.0,150.0,171.0,151.0,174.0,136.0,173.0,136.0,162.0,110.0,161.0,115.0,166.0,148.0,173.0,169.0,180.0,173.0,199.0,217.0,96.0,38.0,96.0,39.0,62.0,114.0,59.0,118.0,42.0,171.0,27.0,196.0
00000239.jpg,107.0,132.0,107.0,132.0,108.0,131.0,127.0,126.0,115.0,118.0,123.0,121.0,117.0,116.0,118.0,132.0,123.0,118.0,118.0,134.0,118.0,134.0,130.0,120.0,123.0,127.0,116.0,135.0,116.0,133.0,118.0,136.0,117.0,136.0
00000240.jpg,113.0,175.0,105.0,178.0,104.0,178.0,93.0,167.0,94.0,167.0,104.0,140.0,99.0,137.0,75.0,200.0,78.0,179.0,43.0,234.0,50.0,208.0,171.0,39.0,168.0,39.0,206.0,134.0,204.0,133.0,225.0,220.0,219.0,202.0
00000241.jpg,150.0,165.0,157.0,167.0,157.0,167.0,169.0,155.0,169.0,155.0,158.0,127.0,159.0,127.0,179.0,176.0,182.0,179.0,203.0,202.0,213.0,224.0,91.0,36.0,89.0,32.0,59.0,129.0,57.0,128.0,33.0,202.0,22.0,212.0
00000246.jpg,105.0,192.0,95.0,198.0,96.0,197.0,79.0,187.0,79.0,187.0,84.0,156.0,88.0,155.0,72.0,231.0,85.0,203.0,41.0,221.0,54.0,202.0,146.0,24.0,145.0,24.0,190.0,122.0,188.0,119.0,242.0,204.0,223.0,185.0
00000247.jpg,162.0,180.0,168.0,180.0,168.0,180.0,175.0,168.0,173.0,166.0,164.0,145.0,164.0,144.0,188.0,186.0,189.0,186.0,212.0,214.0,216.0,222.0,107.0,66.0,105.0,55.0,75.0,131.0,72.0,131.0,48.0,203.0,40.0,209.0
00000248.jpg,164.0,170.0,171.0,172.0,171.0,171.0,182.0,157.0,180.0,156.0,173.0,129.0,172.0,129.0,190.0,185.0,194.0,191.0,214.0,214.0,223.0,230.0,121.0,28.0,118.0,26.0,90.0,125.0,90.0,126.0,56.0,218.0,55.0,217.0
00000250.jpg,144.0,187.0,150.0,191.0,149.0,190.0,159.0,181.0,159.0,181.0,159.0,159.0,156.0,160.0,177.0,184.0,180.0,199.0,198.0,198.0,210.0,220.0,105.0,83.0,103.0,84.0,78.0,149.0,78.0,151.0,47.0,192.0,36.0,202.0
00000251.jpg,129.0,131.0,130.0,135.0,125.0,133.0,139.0,129.0,124.0,124.0,150.0,109.0,119.0,92.0,137.0,153.0,100.0,127.0,111.0,197.0,72.0,156.0,185.0,24.0,160.0,19.0,201.0,73.0,178.0,63.0,221.0,111.0,188.0,88.0
00000254.jpg,142.0,146.0,147.0,149.0,144.0,150.0,153.0,139.0,148.0,139.0,155.0,114.0,136.0,121.0,168.0,136.0,154.0,167.0,187.0,159.0,181.0,204.0,94.0,42.0,84.0,41.0,73.0,107.0,66.0,109.0,58.0,153.0,48.0,164.0
00000258.jpg,99.0,157.0,93.0,159.0,90.0,158.0,91.0,149.0,84.0,146.0,111.0,128.0,83.0,113.0,81.0,181.0,61.0,144.0,44.0,223.0,38.0,171.0,184.0,36.0,170.0,34.0,212.0,114.0,203.0,113.0,236.0,180.0,217.0,163.0
00000263.jpg,131.0,127.0,127.0,127.0,126.0,127.0,118.0,114.0,119.0,116.0,126.0,98.0,128.0,94.0,99.0,122.0,101.0,116.0,69.0,131.0,73.0,122.0,193.0,54.0,191.0,54.0,217.0,121.0,215.0,119.0,234.0,184.0,228.0,172.0
00000264.jpg,129.0,178.0,135.0,183.0,135.0,183.0,149.0,175.0,150.0,176.0,153.0,144.0,149.0,144.0,181.0,183.0,180.0,194.0,204.0,211.0,212.0,227.0,91.0,43.0,87.0,40.0,55.0,132.0,52.0,131.0,23.0,206.0,20.0,209.0
00000266.jpg,92.0,106.0,82.0,114.0,83.0,114.0,64.0,106.0,65.0,106.0,70.0,69.0,71.0,68.0,46.0,140.0,45.0,126.0,6.0,204.0,18.0,162.0,156.0,0.0,151.0,0.0,189.0,56.0,181.0,59.0,224.0,171.0,209.0,145.0
00000272.jpg,129.0,178.0,135.0,183.0,135.0,183.0,149.0,175.0,150.0,176.0,153.0,144.0,149.0,144.0,181.0,183.0,180.0,194.0,204.0,211.0,212.0,227.0,91.0,43.0,87.0,40.0,55.0,132.0,52.0,131.0,23.0,206.0,20.0,209.0
00000276.jpg,92.0,106.0,82.0,114.0,83.0,114.0,64.0,106.0,65.0,106.0,70.0,69.0,71.0,68.0,46.0,140.0,45.0,126.0,6.0,204.0,18.0,162.0,156.0,0.0,151.0,0.0,189.0,56.0,181.0,59.0,224.0,171.0,209.0,145.0
00000278.jpg,158.0,160.0,165.0,161.0,165.0,160.0,174.0,147.0,173.0,148.0,163.0,126.0,165.0,126.0,191.0,163.0,194.0,164.0,223.0,184.0,229.0,188.0,109.0,55.0,109.0,53.0,69.0,117.0,69.0,118.0,37.0,174.0,34.0,180.0
00000279.jpg,155.0,160.0,159.0,162.0,160.0,162.0,165.0,154.0,164.0,154.0,158.0,137.0,161.0,138.0,167.0,177.0,172.0,177.0,183.0,205.0,189.0,210.0,119.0,75.0,119.0,73.0,120.0,153.0,121.0,153.0,84.0,180.0,82.0,184.0
00000280.jpg,113.0,152.0,108.0,156.0,109.0,156.0,99.0,151.0,102.0,151.0,100.0,132.0,110.0,131.0,84.0,158.0,101.0,152.0,59.0,179.0,82.0,167.0,152.0,66.0,155.0,65.0,180.0,129.0,185.0,127.0,215.0,187.0,215.0,176.0
00000284.jpg,80.0,160.0,75.0,160.0,75.0,160.0,70.0,149.0,70.0,150.0,77.0,132.0,80.0,127.0,66.0,186.0,76.0,157.0,41.0,222.0,61.0,177.0,136.0,76.0,135.0,73.0,170.0,146.0,171.0,135.0,221.0,192.0,207.0,180.0
00000285.jpg,100.0,167.0,97.0,167.0,96.0,168.0,95.0,159.0,96.0,165.0,102.0,140.0,109.0,142.0,93.0,147.0,119.0,142.0,86.0,177.0,113.0,176.0,158.0,47.0,153.0,48.0,201.0,126.0,199.0,127.0,223.0,205.0,224.0,203.0
00000286.jpg,101.0,173.0,93.0,178.0,94.0,177.0,81.0,171.0,83.0,170.0,93.0,141.0,93.0,139.0,71.0,175.0,74.0,171.0,39.0,205.0,43.0,200.0,167.0,75.0,164.0,76.0,207.0,138.0,203.0,137.0,233.0,192.0,226.0,188.0
00000288.jpg,136.0,201.0,139.0,202.0,139.0,202.0,147.0,196.0,147.0,196.0,148.0,179.0,145.0,182.0,161.0,202.0,160.0,204.0,175.0,222.0,175.0,223.0,113.0,127.0,113.0,129.0,93.0,175.0,93.0,175.0,77.0,211.0,75.0,217.0
00000289.jpg,148.0,157.0,154.0,155.0,151.0,155.0,154.0,140.0,146.0,141.0,150.0,125.0,126.0,131.0,161.0,159.0,145.0,187.0,183.0,185.0,175.0,224.0,89.0,59.0,71.0,57.0,62.0,125.0,50.0,123.0,38.0,158.0,21.0,167.0
00000291.jpg,153.0,160.0,158.0,166.0,159.0,167.0,173.0,162.0,173.0,162.0,178.0,130.0,178.0,132.0,191.0,174.0,190.0,182.0,212.0,205.0,205.0,228.0,113.0,52.0,116.0,47.0,75.0,130.0,91.0,141.0,41.0,198.0,48.0,206.0
00000293.jpg,143.0,154.0,150.0,157.0,150.0,157.0,164.0,153.0,166.0,155.0,159.0,127.0,160.0,129.0,185.0,172.0,186.0,183.0,204.0,199.0,214.0,226.0,93.0,54.0,87.0,50.0,59.0,128.0,53.0,129.0,42.0,199.0,29.0,210.0
00000294.jpg,109.0,183.0,104.0,183.0,102.0,184.0,97.0,167.0,94.0,168.0,108.0,147.0,96.0,155.0,89.0,194.0,89.0,191.0,62.0,230.0,64.0,226.0,144.0,87.0,124.0,94.0,158.0,143.0,118.0,151.0,199.0,203.0,132.0,185.0
00000295.jpg,169.0,186.0,175.0,186.0,175.0,186.0,185.0,175.0,184.0,175.0,176.0,155.0,178.0,152.0,200.0,193.0,202.0,193.0,226.0,215.0,229.0,220.0,120.0,97.0,119.0,95.0,82.0,155.0,82.0,155.0,48.0,206.0,47.0,209.0
00000299.jpg,118.0,144.0,113.0,146.0,113.0,146.0,107.0,141.0,107.0,140.0,112.0,123.0,110.0,124.0,101.0,152.0,100.0,149.0,81.0,169.0,82.0,163.0,149.0,75.0,148.0,76.0,169.0,114.0,169.0,115.0,190.0,162.0,188.0,160.0
00000301.jpg,120.0,172.0,113.0,175.0,113.0,175.0,101.0,166.0,102.0,167.0,106.0,141.0,107.0,140.0,86.0,180.0,87.0,177.0,59.0,217.0,71.0,199.0,142.0,44.0,144.0,48.0,176.0,133.0,175.0,132.0,199.0,212.0,191.0,202.0
00000303.jpg,128.0,166.0,123.0,171.0,123.0,170.0,109.0,164.0,110.0,164.0,113.0,131.0,111.0,135.0,96.0,182.0,98.0,182.0,70.0,218.0,76.0,207.0,153.0,42.0,151.0,43.0,179.0,118.0,181.0,120.0,205.0,198.0,205.0,196.0
00000304.jpg,164.0,162.0,169.0,162.0,171.0,161.0,175.0,148.0,174.0,148.0,165.0,133.0,160.0,130.0,180.0,165.0,184.0,170.0,198.0,178.0,210.0,206.0,114.0,55.0,112.0,59.0,74.0,118.0,70.0,119.0,47.0,184.0,43.0,188.0
00000306.jpg,104.0,150.0,99.0,150.0,100.0,150.0,92.0,143.0,91.0,144.0,100.0,130.0,100.0,130.0,71.0,147.0,75.0,146.0,37.0,156.0,45.0,152.0,148.0,92.0,148.0,92.0,183.0,126.0,182.0,125.0,215.0,151.0,210.0,148.0
00000308.jpg,149.0,151.0,154.0,152.0,154.0,152.0,161.0,143.0,160.0,142.0,150.0,123.0,151.0,120.0,168.0,153.0,168.0,153.0,185.0,172.0,188.0,174.0,113.0,62.0,112.0,59.0,87.0,114.0,87.0,114.0,62.0,163.0,60.0,164.0
00000309.jpg,118.0,144.0,113.0,146.0,113.0,146.0,107.0,141.0,107.0,140.0,112.0,123.0,110.0,124.0,101.0,152.0,100.0,149.0,81.0,169.0,82.0,163.0,149.0,75.0,148.0,76.0,169.0,114.0,169.0,115.0,190.0,162.0,188.0,160.0
00000312.jpg,120.0,172.0,113.0,175.0,113.0,175.0,101.0,166.0,102.0,167.0,106.0,141.0,107.0,140.0,86.0,180.0,87.0,177.0,59.0,217.0,71.0,199.0,142.0,44.0,144.0,48.0,176.0,133.0,175.0,132.0,199.0,212.0,191.0,202.0
00000314.jpg,128.0,166.0,123.0,171.0,123.0,170.0,109.0,164.0,110.0,164.0,113.0,131.0,111.0,135.0,96.0,182.0,98.0,182.0,70.0,218.0,76.0,207.0,153.0,42.0,151.0,43.0,179.0,118.0,181.0,120.0,205.0,198.0,205.0,196.0
00000315.jpg,164.0,162.0,169.0,162.0,171.0,161.0,175.0,148.0,174.0,148.0,165.0,133.0,160.0,130.0,180.0,165.0,184.0,170.0,198.0,178.0,210.0,206.0,114.0,55.0,112.0,59.0,74.0,118.0,70.0,119.0,47.0,184.0,43.0,188.0
00000316.jpg,104.0,150.0,99.0,150.0,100.0,150.0,92.0,143.0,91.0,144.0,100.0,130.0,100.0,130.0,71.0,147.0,75.0,146.0,37.0,156.0,45.0,152.0,148.0,92.0,148.0,92.0,183.0,126.0,182.0,125.0,215.0,151.0,210.0,148.0
00000319.jpg,104.0,182.0,98.0,182.0,99.0,181.0,91.0,167.0,90.0,169.0,101.0,148.0,101.0,148.0,73.0,185.0,73.0,183.0,39.0,212.0,42.0,209.0,150.0,62.0,150.0,62.0,189.0,138.0,188.0,139.0,228.0,202.0,223.0,198.0
00000320.jpg,145.0,147.0,152.0,151.0,151.0,152.0,162.0,146.0,158.0,146.0,164.0,127.0,148.0,129.0,180.0,152.0,165.0,163.0,206.0,180.0,194.0,191.0,109.0,65.0,97.0,64.0,84.0,124.0,71.0,122.0,67.0,165.0,47.0,173.0
00000322.jpg,73.0,122.0,70.0,115.0,70.0,114.0,74.0,119.0,71.0,115.0,79.0,119.0,85.0,117.0,60.0,163.0,61.0,164.0,139.0,50.0,39.0,199.0,140.0,120.0,143.0,122.0,182.0,113.0,179.0,114.0,211.0,182.0,209.0,181.0
00000323.jpg,105.0,131.0,101.0,127.0,101.0,128.0,102.0,116.0,100.0,117.0,117.0,113.0,115.0,110.0,103.0,150.0,103.0,142.0,77.0,177.0,86.0,158.0,163.0,30.0,161.0,29.0,194.0,99.0,194.0,97.0,217.0,170.0,211.0,154.0
00000324.jpg,149.0,151.0,154.0,152.0,154.0,152.0,161.0,143.0,160.0,142.0,150.0,123.0,151.0,120.0,168.0,153.0,168.0,153.0,185.0,172.0,188.0,174.0,113.0,62.0,112.0,59.0,87.0,114.0,87.0,114.0,62.0,163.0,60.0,164.0
00000325.jpg,108.0,188.0,101.0,189.0,101.0,188.0,91.0,172.0,91.0,173.0,102.0,143.0,103.0,146.0,83.0,198.0,85.0,195.0,56.0,248.0,62.0,229.0,150.0,16.0,146.0,65.0,190.0,136.0,188.0,135.0,222.0,221.0,208.0,209.0
00000326.jpg,99.0,178.0,93.0,177.0,93.0,176.0,88.0,161.0,88.0,162.0,101.0,139.0,101.0,138.0,71.0,193.0,72.0,188.0,37.0,235.0,47.0,219.0,168.0,20.0,166.0,20.0,203.0,126.0,202.0,126.0,232.0,220.0,230.0,216.0
00000328.jpg,113.0,146.0,105.0,150.0,105.0,149.0,92.0,139.0,93.0,138.0,100.0,118.0,99.0,117.0,78.0,178.0,79.0,168.0,44.0,226.0,58.0,196.0,165.0,24.0,163.0,26.0,198.0,121.0,198.0,120.0,228.0,214.0,220.0,202.0
00000329.jpg,158.0,172.0,166.0,176.0,166.0,177.0,181.0,163.0,182.0,163.0,176.0,131.0,176.0,132.0,192.0,187.0,193.0,188.0,213.0,231.0,216.0,238.0,112.0,24.0,113.0,23.0,84.0,130.0,83.0,130.0,57.0,228.0,57.0,229.0
00000330.jpg,152.0,185.0,159.0,184.0,158.0,185.0,162.0,174.0,160.0,177.0,155.0,158.0,149.0,163.0,182.0,181.0,182.0,198.0,214.0,199.0,218.0,222.0,107.0,45.0,101.0,44.0,69.0,119.0,66.0,121.0,42.0,172.0,30.0,196.0
00000332.jpg,144.0,146.0,146.0,151.0,150.0,150.0,153.0,149.0,166.0,144.0,149.0,128.0,171.0,115.0,155.0,164.0,180.0,159.0,165.0,190.0,204.0,200.0,110.0,56.0,114.0,51.0,69.0,117.0,73.0,115.0,43.0,181.0,42.0,184.0
00000334.jpg,97.0,169.0,91.0,167.0,91.0,168.0,84.0,154.0,84.0,157.0,95.0,137.0,99.0,135.0,70.0,176.0,75.0,170.0,35.0,209.0,52.0,188.0,151.0,47.0,152.0,47.0,199.0,125.0,198.0,124.0,225.0,196.0,216.0,180.0
00000335.jpg,135.0,186.0,140.0,187.0,140.0,187.0,145.0,178.0,146.0,179.0,141.0,166.0,141.0,169.0,158.0,186.0,157.0,193.0,179.0,195.0,181.0,205.0,100.0,123.0,99.0,124.0,72.0,162.0,71.0,163.0,52.0,192.0,45.0,199.0
00000338.jpg,146.0,151.0,154.0,156.0,149.0,157.0,164.0,140.0,151.0,139.0,170.0,105.0,133.0,111.0,189.0,161.0,151.0,171.0,218.0,209.0,169.0,234.0,96.0,34.0,74.0,34.0,70.0,115.0,55.0,112.0,46.0,178.0,29.0,179.0
00000341.jpg,136.0,110.0,141.0,110.0,141.0,109.0,142.0,98.0,141.0,97.0,130.0,85.0,129.0,87.0,155.0,116.0,153.0,117.0,182.0,132.0,184.0,137.0,74.0,47.0,69.0,43.0,54.0,118.0,50.0,119.0,39.0,183.0,28.0,193.0
00000342.jpg,111.0,169.0,106.0,170.0,105.0,170.0,98.0,160.0,97.0,161.0,103.0,139.0,99.0,140.0,81.0,168.0,80.0,166.0,54.0,188.0,56.0,181.0,147.0,71.0,145.0,71.0,180.0,134.0,176.0,135.0,209.0,187.0,199.0,180.0
00000343.jpg,155.0,188.0,163.0,190.0,162.0,190.0,174.0,176.0,173.0,175.0,167.0,141.0,165.0,142.0,191.0,192.0,190.0,198.0,222.0,222.0,225.0,237.0,103.0,32.0,101.0,22.0,54.0,133.0,54.0,129.0,22.0,219.0,21.0,219.0
00000344.jpg,123.0,123.0,126.0,126.0,126.0,126.0,135.0,120.0,136.0,121.0,138.0,100.0,138.0,101.0,150.0,135.0,150.0,136.0,167.0,163.0,169.0,167.0,103.0,20.0,101.0,19.0,83.0,84.0,82.0,85.0,61.0,153.0,58.0,156.0
00000346.jpg,147.0,167.0,153.0,169.0,153.0,169.0,161.0,154.0,160.0,154.0,157.0,131.0,152.0,130.0,175.0,172.0,171.0,178.0,195.0,198.0,200.0,218.0,105.0,29.0,105.0,27.0,79.0,114.0,77.0,118.0,58.0,187.0,47.0,201.0
00000347.jpg,160.0,160.0,168.0,161.0,167.0,160.0,176.0,148.0,175.0,148.0,167.0,128.0,168.0,126.0,193.0,163.0,196.0,165.0,223.0,184.0,230.0,190.0,116.0,56.0,114.0,56.0,81.0,116.0,79.0,116.0,50.0,172.0,44.0,175.0
00000354.jpg,105.0,178.0,111.0,182.0,112.0,182.0,124.0,174.0,126.0,173.0,121.0,141.0,124.0,137.0,147.0,181.0,150.0,182.0,176.0,212.0,185.0,218.0,89.0,12.0,86.0,11.0,57.0,112.0,55.0,114.0,23.0,192.0,13.0,200.0
00000356.jpg,139.0,151.0,144.0,154.0,145.0,154.0,155.0,150.0,155.0,150.0,156.0,127.0,157.0,128.0,166.0,166.0,167.0,166.0,179.0,193.0,184.0,204.0,97.0,80.0,98.0,81.0,68.0,142.0,70.0,146.0,37.0,184.0,30.0,192.0
00000357.jpg,105.0,204.0,98.0,208.0,97.0,208.0,91.0,200.0,88.0,199.0,101.0,169.0,94.0,168.0,78.0,209.0,75.0,204.0,45.0,244.0,50.0,234.0,142.0,79.0,141.0,83.0,179.0,153.0,178.0,151.0,204.0,233.0,209.0,238.0
00000358.jpg,148.0,183.0,156.0,186.0,156.0,186.0,165.0,173.0,165.0,174.0,159.0,149.0,156.0,150.0,184.0,186.0,185.0,193.0,211.0,210.0,216.0,226.0,110.0,62.0,108.0,63.0,63.0,141.0,63.0,142.0,32.0,210.0,31.0,211.0
00000360.jpg,129.0,165.0,134.0,168.0,135.0,168.0,144.0,157.0,145.0,158.0,143.0,135.0,142.0,136.0,168.0,160.0,169.0,168.0,191.0,173.0,199.0,188.0,107.0,47.0,107.0,48.0,72.0,114.0,72.0,114.0,38.0,169.0,35.0,173.0
00000365.jpg,132.0,178.0,133.0,176.0,131.0,176.0,130.0,172.0,127.0,172.0,121.0,168.0,118.0,170.0,131.0,187.0,128.0,191.0,147.0,203.0,145.0,208.0,90.0,132.0,85.0,137.0,68.0,170.0,62.0,170.0,49.0,197.0,41.0,198.0
00000370.jpg,165.0,151.0,162.0,150.0,161.0,150.0,160.0,138.0,159.0,138.0,167.0,128.0,168.0,128.0,154.0,170.0,158.0,161.0,135.0,199.0,138.0,191.0,207.0,60.0,206.0,59.0,225.0,129.0,225.0,127.0,250.0,174.0,248.0,168.0
00000372.jpg,161.0,178.0,168.0,177.0,168.0,177.0,171.0,160.0,170.0,160.0,159.0,140.0,159.0,139.0,184.0,190.0,188.0,193.0,212.0,214.0,221.0,229.0,99.0,19.0,97.0,17.0,76.0,132.0,76.0,133.0,32.0,211.0,32.0,212.0
00000375.jpg,149.0,183.0,157.0,183.0,156.0,184.0,162.0,168.0,163.0,168.0,152.0,147.0,150.0,149.0,178.0,185.0,182.0,192.0,206.0,198.0,213.0,216.0,93.0,49.0,92.0,49.0,59.0,124.0,54.0,124.0,36.0,193.0,24.0,205.0
00000376.jpg,137.0,177.0,133.0,179.0,133.0,178.0,128.0,171.0,128.0,171.0,136.0,153.0,134.0,155.0,128.0,185.0,128.0,181.0,114.0,206.0,115.0,203.0,175.0,107.0,174.0,109.0,202.0,157.0,198.0,158.0,224.0,202.0,214.0,197.0
00000377.jpg,151.0,189.0,158.0,189.0,157.0,189.0,161.0,173.0,161.0,172.0,151.0,151.0,149.0,156.0,172.0,196.0,169.0,207.0,198.0,217.0,204.0,232.0,93.0,45.0,90.0,41.0,57.0,136.0,55.0,138.0,26.0,218.0,25.0,215.0
00000378.jpg,132.0,151.0,127.0,160.0,128.0,159.0,108.0,159.0,111.0,158.0,105.0,125.0,99.0,126.0,69.0,186.0,75.0,166.0,30.0,226.0,55.0,185.0,150.0,31.0,153.0,29.0,180.0,115.0,183.0,119.0,212.0,193.0,211.0,194.0
00000392.jpg,126.0,199.0,120.0,201.0,120.0,200.0,109.0,197.0,112.0,197.0,109.0,182.0,108.0,179.0,92.0,207.0,91.0,199.0,68.0,225.0,68.0,216.0,154.0,139.0,151.0,137.0,184.0,180.0,178.0,181.0,214.0,217.0,201.0,211.0
00000393.jpg,138.0,177.0,143.0,180.0,144.0,180.0,154.0,171.0,154.0,170.0,151.0,144.0,150.0,144.0,170.0,184.0,172.0,186.0,191.0,213.0,195.0,217.0,115.0,55.0,112.0,54.0,91.0,133.0,91.0,134.0,73.0,203.0,73.0,207.0
00000394.jpg,94.0,184.0,87.0,187.0,87.0,187.0,71.0,180.0,71.0,180.0,76.0,149.0,68.0,147.0,33.0,192.0,33.0,181.0,2.0,209.0,4.0,199.0,136.0,62.0,131.0,66.0,195.0,133.0,186.0,134.0,244.0,198.0,224.0,192.0
00000403.jpg,118.0,200.0,124.0,203.0,124.0,202.0,137.0,190.0,134.0,190.0,137.0,164.0,131.0,162.0,154.0,199.0,153.0,201.0,179.0,222.0,184.0,224.0,91.0,65.0,87.0,62.0,58.0,137.0,54.0,136.0,22.0,207.0,20.0,207.0
00000404.jpg,144.0,147.0,146.0,152.0,150.0,151.0,153.0,150.0,167.0,144.0,146.0,127.0,171.0,114.0,151.0,162.0,180.0,158.0,165.0,190.0,204.0,200.0,110.0,56.0,114.0,50.0,68.0,115.0,74.0,114.0,42.0,181.0,44.0,185.0
00000406.jpg,148.0,183.0,154.0,185.0,154.0,185.0,160.0,174.0,159.0,174.0,151.0,155.0,150.0,157.0,165.0,185.0,172.0,196.0,178.0,200.0,198.0,222.0,112.0,85.0,110.0,84.0,81.0,145.0,80.0,146.0,54.0,196.0,45.0,206.0
00000408.jpg,145.0,191.0,149.0,192.0,148.0,193.0,151.0,187.0,150.0,187.0,147.0,175.0,147.0,177.0,156.0,202.0,157.0,207.0,171.0,220.0,175.0,235.0,114.0,125.0,112.0,126.0,94.0,170.0,93.0,171.0,74.0,214.0,73.0,217.0
00000409.jpg,109.0,161.0,104.0,163.0,103.0,162.0,92.0,154.0,92.0,153.0,97.0,132.0,95.0,131.0,75.0,178.0,71.0,174.0,48.0,214.0,48.0,206.0,161.0,50.0,156.0,55.0,188.0,130.0,185.0,131.0,220.0,205.0,216.0,202.0
00000412.jpg,140.0,144.0,146.0,148.0,146.0,148.0,157.0,139.0,157.0,138.0,157.0,111.0,158.0,108.0,178.0,148.0,181.0,149.0,211.0,168.0,216.0,171.0,112.0,34.0,110.0,25.0,84.0,99.0,74.0,95.0,56.0,160.0,34.0,163.0
00000414.jpg,73.0,139.0,70.0,137.0,70.0,137.0,70.0,127.0,71.0,127.0,84.0,119.0,83.0,118.0,67.0,155.0,68.0,147.0,44.0,177.0,47.0,170.0,130.0,59.0,129.0,59.0,160.0,115.0,156.0,116.0,186.0,170.0,175.0,163.0
00000415.jpg,178.0,170.0,181.0,173.0,183.0,171.0,188.0,163.0,194.0,159.0,159.0,139.0,195.0,129.0,155.0,175.0,157.0,177.0,168.0,203.0,249.0,177.0,134.0,43.0,148.0,36.0,88.0,123.0,88.0,118.0,27.0,211.0,44.0,215.0
00000416.jpg,136.0,171.0,141.0,177.0,141.0,177.0,154.0,174.0,155.0,173.0,157.0,140.0,157.0,140.0,180.0,187.0,179.0,192.0,207.0,220.0,212.0,232.0,107.0,39.0,105.0,37.0,82.0,126.0,81.0,129.0,52.0,214.0,48.0,218.0
00000417.jpg,126.0,206.0,121.0,206.0,120.0,205.0,114.0,192.0,114.0,192.0,123.0,168.0,122.0,168.0,105.0,212.0,105.0,207.0,76.0,238.0,79.0,227.0,168.0,94.0,164.0,95.0,196.0,162.0,196.0,163.0,227.0,221.0,221.0,219.0
00000419.jpg,126.0,172.0,123.0,175.0,123.0,175.0,117.0,170.0,117.0,170.0,120.0,157.0,123.0,158.0,109.0,175.0,118.0,177.0,95.0,188.0,99.0,185.0,158.0,110.0,157.0,108.0,177.0,149.0,176.0,149.0,202.0,183.0,200.0,182.0
00000420.jpg,155.0,155.0,160.0,156.0,160.0,156.0,167.0,144.0,167.0,145.0,165.0,123.0,163.0,126.0,183.0,170.0,184.0,175.0,199.0,193.0,209.0,217.0,114.0,37.0,112.0,35.0,92.0,116.0,90.0,122.0,77.0,187.0,61.0,211.0
00000422.jpg,116.0,153.0,111.0,153.0,111.0,152.0,108.0,141.0,108.0,141.0,119.0,127.0,116.0,123.0,101.0,166.0,102.0,160.0,79.0,196.0,83.0,183.0,169.0,55.0,167.0,57.0,196.0,124.0,194.0,124.0,216.0,189.0,212.0,185.0
00000423.jpg,143.0,180.0,150.0,180.0,149.0,180.0,157.0,166.0,155.0,165.0,145.0,143.0,146.0,143.0,167.0,181.0,170.0,183.0,191.0,208.0,195.0,213.0,102.0,57.0,99.0,54.0,70.0,129.0,68.0,131.0,38.0,197.0,37.0,198.0
00000425.jpg,100.0,206.0,96.0,206.0,96.0,207.0,89.0,198.0,90.0,199.0,94.0,189.0,96.0,184.0,63.0,210.0,69.0,199.0,25.0,223.0,45.0,202.0,154.0,157.0,154.0,156.0,191.0,185.0,189.0,186.0,223.0,209.0,222.0,208.0
00000426.jpg,107.0,194.0,100.0,195.0,100.0,195.0,86.0,184.0,87.0,184.0,97.0,153.0,95.0,155.0,54.0,196.0,53.0,191.0,9.0,227.0,14.0,217.0,157.0,66.0,157.0,66.0,207.0,143.0,207.0,143.0,248.0,211.0,245.0,206.0
