image_100.jpg,137.0,63.0,141.0,58.0,132.0,57.0,147.0,61.0,125.0,61.0,154.0,110.0,112.0,95.0,158.0,164.0,102.0,146.0,154.0,217.0,101.0,190.0,140.0,205.0,112.0,202.0,141.0,254.0,109.0,253.0,51.0,252.0,109.0,271.0
image_101.jpg,144.0,29.0,150.0,27.0,139.0,25.0,157.0,34.0,130.0,29.0,172.0,61.0,105.0,55.0,175.0,95.0,92.0,88.0,175.0,125.0,90.0,113.0,154.0,123.0,117.0,120.0,157.0,173.0,115.0,171.0,154.0,224.0,119.0,214.0
image_102.jpg,131.0,32.0,136.0,29.0,125.0,27.0,143.0,34.0,115.0,31.0,155.0,61.0,98.0,63.0,181.0,83.0,82.0,93.0,177.0,107.0,96.0,121.0,157.0,127.0,119.0,129.0,154.0,179.0,109.0,178.0,141.0,221.0,102.0,226.0
image_103.jpg,122.0,33.0,128.0,28.0,117.0,28.0,136.0,32.0,108.0,34.0,155.0,62.0,87.0,60.0,168.0,102.0,72.0,101.0,152.0,129.0,92.0,132.0,140.0,131.0,104.0,132.0,169.0,180.0,97.0,188.0,164.0,233.0,101.0,239.0
image_104.jpg,108.0,37.0,114.0,33.0,107.0,33.0,132.0,37.0,113.0,36.0,158.0,67.0,93.0,67.0,173.0,100.0,83.0,98.0,162.0,128.0,92.0,124.0,143.0,137.0,108.0,137.0,149.0,183.0,103.0,182.0,155.0,226.0,98.0,225.0
image_105.jpg,116.0,74.0,123.0,68.0,110.0,69.0,134.0,72.0,101.0,73.0,156.0,108.0,87.0,108.0,174.0,155.0,70.0,149.0,167.0,184.0,69.0,181.0,142.0,191.0,97.0,188.0,145.0,250.0,108.0,243.0,146.0,263.0,111.0,259.0
image_106.jpg,136.0,38.0,141.0,34.0,131.0,35.0,148.0,39.0,124.0,38.0,164.0,67.0,106.0,65.0,174.0,97.0,98.0,92.0,175.0,124.0,97.0,122.0,153.0,126.0,119.0,126.0,157.0,173.0,118.0,172.0,158.0,216.0,119.0,216.0
image_107.jpg,127.0,118.0,128.0,116.0,125.0,116.0,130.0,116.0,121.0,117.0,134.0,132.0,117.0,131.0,135.0,148.0,114.0,148.0,137.0,165.0,118.0,163.0,131.0,166.0,119.0,167.0,133.0,194.0,120.0,193.0,136.0,215.0,118.0,217.0
image_108.jpg,113.0,33.0,120.0,30.0,112.0,30.0,136.0,34.0,115.0,33.0,153.0,63.0,102.0,63.0,162.0,101.0,90.0,94.0,144.0,130.0,88.0,124.0,137.0,133.0,107.0,133.0,144.0,180.0,115.0,178.0,146.0,226.0,121.0,220.0
image_109.jpg,90.0,114.0,92.0,111.0,87.0,111.0,98.0,112.0,83.0,112.0,107.0,127.0,78.0,127.0,116.0,145.0,76.0,145.0,111.0,166.0,72.0,164.0,100.0,167.0,82.0,167.0,105.0,197.0,74.0,188.0,102.0,221.0,83.0,214.0
image_110.jpg,131.0,42.0,136.0,40.0,126.0,37.0,139.0,44.0,114.0,38.0,148.0,66.0,94.0,67.0,163.0,98.0,74.0,97.0,160.0,118.0,88.0,119.0,141.0,128.0,107.0,130.0,147.0,176.0,102.0,172.0,153.0,212.0,97.0,212.0
image_111.jpg,179.0,74.0,175.0,71.0,181.0,70.0,169.0,73.0,180.0,73.0,163.0,93.0,183.0,91.0,157.0,117.0,185.0,115.0,161.0,139.0,183.0,138.0,164.0,139.0,178.0,139.0,165.0,182.0,177.0,181.0,165.0,224.0,178.0,225.0
image_112.jpg,130.0,65.0,134.0,62.0,125.0,61.0,142.0,64.0,118.0,64.0,156.0,90.0,101.0,89.0,167.0,116.0,89.0,114.0,171.0,143.0,90.0,141.0,145.0,150.0,111.0,150.0,152.0,192.0,105.0,190.0,155.0,231.0,101.0,231.0
image_113.jpg,165.0,27.0,170.0,22.0,159.0,23.0,177.0,26.0,151.0,27.0,192.0,56.0,140.0,55.0,207.0,92.0,139.0,89.0,164.0,93.0,183.0,87.0,187.0,121.0,155.0,124.0,187.0,174.0,165.0,177.0,186.0,219.0,190.0,225.0
image_114.jpg,131.0,32.0,137.0,27.0,126.0,27.0,148.0,32.0,117.0,30.0,164.0,64.0,99.0,63.0,173.0,100.0,86.0,98.0,180.0,132.0,80.0,130.0,150.0,129.0,107.0,130.0,157.0,181.0,93.0,183.0,157.0,228.0,88.0,227.0
image_115.jpg,103.0,58.0,108.0,50.0,95.0,52.0,114.0,51.0,87.0,55.0,128.0,96.0,76.0,100.0,134.0,165.0,78.0,163.0,97.0,153.0,116.0,144.0,116.0,201.0,84.0,201.0,120.0,254.0,88.0,252.0,118.0,260.0,86.0,266.0
image_116.jpg,128.0,31.0,133.0,28.0,126.0,28.0,146.0,31.0,127.0,29.0,162.0,60.0,117.0,59.0,175.0,97.0,108.0,93.0,166.0,125.0,102.0,123.0,150.0,129.0,120.0,128.0,153.0,179.0,109.0,175.0,149.0,223.0,99.0,225.0
image_117.jpg,130.0,33.0,136.0,29.0,125.0,28.0,145.0,33.0,115.0,30.0,156.0,61.0,94.0,57.0,167.0,89.0,77.0,89.0,162.0,118.0,80.0,119.0,141.0,127.0,101.0,126.0,139.0,179.0,91.0,178.0,136.0,230.0,88.0,231.0
image_118.jpg,130.0,37.0,135.0,33.0,124.0,32.0,142.0,35.0,116.0,34.0,156.0,63.0,94.0,61.0,172.0,92.0,77.0,93.0,156.0,115.0,92.0,117.0,140.0,128.0,103.0,127.0,136.0,178.0,90.0,177.0,126.0,221.0,81.0,221.0
image_119.jpg,128.0,31.0,133.0,27.0,122.0,27.0,141.0,30.0,115.0,29.0,155.0,62.0,96.0,62.0,167.0,95.0,88.0,95.0,170.0,126.0,90.0,128.0,147.0,128.0,109.0,130.0,158.0,178.0,98.0,178.0,160.0,227.0,90.0,226.0
image_121.jpg,144.0,41.0,147.0,38.0,141.0,38.0,151.0,39.0,137.0,39.0,154.0,59.0,133.0,59.0,152.0,84.0,132.0,83.0,148.0,83.0,145.0,82.0,150.0,108.0,136.0,109.0,153.0,147.0,135.0,147.0,156.0,177.0,133.0,177.0
image_122.jpg,108.0,36.0,113.0,31.0,102.0,31.0,120.0,32.0,92.0,34.0,136.0,59.0,78.0,63.0,146.0,90.0,74.0,102.0,148.0,115.0,85.0,130.0,129.0,126.0,97.0,130.0,149.0,171.0,100.0,184.0,96.0,213.0,106.0,222.0
image_123.jpg,132.0,28.0,138.0,23.0,126.0,23.0,144.0,27.0,117.0,25.0,161.0,57.0,92.0,55.0,172.0,95.0,82.0,94.0,173.0,127.0,80.0,126.0,147.0,128.0,106.0,127.0,147.0,182.0,101.0,179.0,144.0,225.0,99.0,226.0
image_124.jpg,125.0,36.0,131.0,32.0,120.0,31.0,139.0,35.0,113.0,35.0,154.0,64.0,93.0,64.0,182.0,87.0,58.0,90.0,166.0,112.0,82.0,114.0,147.0,130.0,110.0,132.0,164.0,179.0,113.0,184.0,183.0,226.0,122.0,230.0
image_125.jpg,133.0,51.0,138.0,47.0,128.0,48.0,144.0,50.0,120.0,50.0,160.0,76.0,104.0,76.0,170.0,106.0,91.0,106.0,172.0,132.0,86.0,133.0,148.0,137.0,112.0,139.0,143.0,184.0,113.0,183.0,140.0,227.0,112.0,227.0
image_130.jpg,120.0,102.0,134.0,84.0,107.0,83.0,154.0,91.0,88.0,90.0,193.0,178.0,64.0,182.0,151.0,257.0,44.0,252.0,153.0,152.0,11.0,72.0,197.0,259.0,193.0,258.0,201.0,180.0,105.0,117.0,132.0,145.0,257.0,136.0
image_132.jpg,101.0,65.0,108.0,56.0,93.0,56.0,117.0,60.0,82.0,58.0,129.0,126.0,63.0,125.0,147.0,214.0,49.0,226.0,183.0,182.0,98.0,198.0,122.0,255.0,78.0,251.0,148.0,223.0,77.0,252.0,104.0,278.0,106.0,275.0
image_133.jpg,128.0,57.0,135.0,50.0,122.0,49.0,143.0,53.0,113.0,51.0,161.0,94.0,93.0,97.0,192.0,138.0,70.0,143.0,172.0,187.0,84.0,187.0,149.0,204.0,109.0,203.0,157.0,254.0,105.0,253.0,143.0,259.0,137.0,257.0
image_136.jpg,135.0,49.0,144.0,39.0,124.0,40.0,157.0,46.0,110.0,48.0,183.0,109.0,74.0,109.0,198.0,167.0,60.0,168.0,189.0,191.0,67.0,190.0,160.0,252.0,89.0,249.0,179.0,235.0,38.0,242.0,139.0,274.0,138.0,271.0
image_137.jpg,120.0,53.0,131.0,43.0,110.0,44.0,150.0,43.0,100.0,45.0,186.0,89.0,81.0,92.0,222.0,144.0,57.0,144.0,213.0,205.0,104.0,161.0,180.0,215.0,113.0,215.0,197.0,255.0,94.0,251.0,185.0,258.0,107.0,257.0
image_139.jpg,130.0,89.0,134.0,84.0,128.0,83.0,135.0,85.0,124.0,83.0,134.0,109.0,107.0,106.0,114.0,161.0,106.0,154.0,137.0,153.0,118.0,134.0,132.0,169.0,67.0,224.0,136.0,196.0,183.0,197.0,107.0,248.0,108.0,247.0
image_140.jpg,56.0,46.0,60.0,42.0,52.0,42.0,68.0,44.0,52.0,43.0,79.0,70.0,43.0,74.0,88.0,104.0,36.0,106.0,97.0,88.0,38.0,138.0,69.0,144.0,48.0,145.0,75.0,195.0,52.0,196.0,80.0,219.0,57.0,215.0
image_141.jpg,99.0,111.0,116.0,92.0,86.0,91.0,134.0,102.0,68.0,99.0,169.0,207.0,36.0,211.0,182.0,252.0,1.0,128.0,126.0,162.0,13.0,117.0,187.0,254.0,45.0,259.0,109.0,258.0,76.0,122.0,118.0,161.0,120.0,103.0
image_142.jpg,127.0,69.0,135.0,58.0,115.0,56.0,144.0,65.0,96.0,63.0,161.0,153.0,59.0,143.0,163.0,249.0,43.0,240.0,142.0,177.0,41.0,256.0,138.0,262.0,81.0,257.0,157.0,218.0,75.0,237.0,124.0,93.0,127.0,271.0
image_143.jpg,122.0,69.0,127.0,61.0,115.0,64.0,135.0,67.0,112.0,71.0,149.0,107.0,106.0,117.0,167.0,167.0,100.0,175.0,152.0,146.0,101.0,237.0,142.0,217.0,116.0,218.0,141.0,250.0,106.0,250.0,104.0,249.0,103.0,249.0
image_145.jpg,128.0,43.0,132.0,39.0,124.0,38.0,132.0,39.0,109.0,35.0,134.0,63.0,87.0,55.0,138.0,95.0,68.0,87.0,154.0,122.0,57.0,123.0,127.0,125.0,91.0,124.0,134.0,178.0,88.0,178.0,136.0,219.0,79.0,223.0
image_153.jpg,92.0,65.0,106.0,52.0,79.0,52.0,127.0,57.0,64.0,57.0,158.0,129.0,32.0,115.0,156.0,233.0,11.0,196.0,159.0,197.0,1.0,252.0,120.0,257.0,43.0,254.0,152.0,237.0,-3.0,258.0,0.0,260.0,252.0,219.0
image_158.jpg,132.0,51.0,139.0,43.0,124.0,43.0,145.0,50.0,112.0,49.0,164.0,116.0,94.0,106.0,177.0,204.0,98.0,198.0,149.0,185.0,145.0,196.0,151.0,240.0,106.0,239.0,155.0,251.0,106.0,237.0,145.0,257.0,147.0,253.0
image_159.jpg,99.0,122.0,107.0,114.0,90.0,115.0,118.0,117.0,81.0,119.0,145.0,160.0,71.0,156.0,164.0,221.0,67.0,195.0,155.0,253.0,61.0,213.0,129.0,255.0,88.0,251.0,164.0,225.0,61.0,253.0,219.0,194.0,219.0,194.0
image_160.jpg,107.0,97.0,120.0,84.0,97.0,85.0,135.0,93.0,85.0,94.0,154.0,165.0,60.0,160.0,195.0,136.0,18.0,135.0,145.0,53.0,73.0,57.0,140.0,268.0,76.0,52.0,196.0,141.0,64.0,68.0,142.0,49.0,74.0,56.0
image_161.jpg,103.0,65.0,110.0,55.0,91.0,60.0,129.0,57.0,81.0,72.0,174.0,103.0,65.0,115.0,237.0,149.0,62.0,170.0,189.0,158.0,79.0,186.0,161.0,218.0,95.0,219.0,174.0,253.0,91.0,250.0,169.0,259.0,94.0,263.0
image_162.jpg,113.0,82.0,125.0,72.0,106.0,69.0,143.0,76.0,101.0,70.0,160.0,140.0,82.0,139.0,183.0,211.0,72.0,223.0,158.0,134.0,71.0,257.0,138.0,259.0,91.0,254.0,144.0,257.0,72.0,241.0,6.0,256.0,119.0,275.0
image_163.jpg,156.0,90.0,170.0,77.0,145.0,78.0,191.0,83.0,134.0,85.0,216.0,162.0,122.0,158.0,223.0,247.0,115.0,236.0,160.0,247.0,115.0,236.0,186.0,262.0,127.0,258.0,211.0,255.0,114.0,255.0,140.0,262.0,71.0,235.0
image_164.jpg,167.0,66.0,172.0,60.0,162.0,60.0,178.0,64.0,155.0,64.0,187.0,104.0,141.0,104.0,199.0,151.0,128.0,142.0,192.0,144.0,135.0,143.0,175.0,197.0,148.0,195.0,166.0,254.0,150.0,253.0,163.0,270.0,149.0,266.0
image_165.jpg,120.0,122.0,130.0,103.0,107.0,103.0,143.0,110.0,92.0,111.0,178.0,176.0,53.0,186.0,233.0,206.0,5.0,206.0,175.0,98.0,61.0,95.0,156.0,254.0,80.0,255.0,232.0,209.0,4.0,208.0,174.0,95.0,170.0,93.0
image_166.jpg,150.0,29.0,156.0,23.0,144.0,25.0,169.0,25.0,138.0,30.0,191.0,54.0,127.0,57.0,209.0,90.0,121.0,89.0,159.0,94.0,92.0,82.0,174.0,132.0,136.0,132.0,181.0,182.0,134.0,178.0,193.0,230.0,134.0,222.0
image_167.jpg,119.0,47.0,128.0,38.0,107.0,39.0,139.0,45.0,92.0,48.0,156.0,105.0,67.0,99.0,160.0,167.0,28.0,164.0,198.0,154.0,62.0,225.0,144.0,232.0,90.0,237.0,149.0,258.0,79.0,253.0,76.0,249.0,88.0,258.0
image_168.jpg,114.0,78.0,120.0,73.0,111.0,72.0,124.0,64.0,102.0,58.0,126.0,85.0,87.0,72.0,136.0,142.0,81.0,126.0,144.0,192.0,96.0,169.0,118.0,148.0,93.0,151.0,122.0,218.0,101.0,220.0,144.0,249.0,107.0,255.0
image_169.jpg,169.0,79.0,177.0,72.0,163.0,73.0,192.0,81.0,160.0,81.0,208.0,132.0,159.0,146.0,202.0,203.0,147.0,228.0,188.0,133.0,192.0,208.0,208.0,253.0,169.0,250.0,201.0,219.0,148.0,237.0,22.0,252.0,6.0,258.0
image_170.jpg,113.0,59.0,122.0,47.0,103.0,49.0,135.0,51.0,94.0,54.0,154.0,124.0,78.0,122.0,163.0,207.0,62.0,206.0,142.0,202.0,117.0,206.0,144.0,253.0,89.0,252.0,159.0,237.0,83.0,257.0,90.0,264.0,229.0,215.0
image_172.jpg,160.0,51.0,168.0,42.0,150.0,42.0,181.0,47.0,138.0,46.0,206.0,97.0,112.0,95.0,209.0,161.0,101.0,162.0,136.0,147.0,175.0,152.0,184.0,223.0,124.0,224.0,197.0,256.0,113.0,250.0,198.0,274.0,120.0,270.0
image_174.jpg,117.0,75.0,134.0,67.0,112.0,60.0,166.0,79.0,105.0,61.0,189.0,121.0,68.0,124.0,203.0,161.0,49.0,213.0,162.0,135.0,45.0,251.0,174.0,254.0,98.0,253.0,201.0,250.0,49.0,235.0,202.0,266.0,99.0,268.0
image_176.jpg,144.0,49.0,151.0,38.0,134.0,42.0,162.0,42.0,125.0,51.0,185.0,100.0,120.0,109.0,197.0,182.0,118.0,178.0,134.0,181.0,174.0,168.0,181.0,226.0,138.0,228.0,181.0,258.0,138.0,252.0,177.0,272.0,173.0,268.0
image_180.jpg,160.0,66.0,169.0,55.0,151.0,55.0,180.0,61.0,141.0,62.0,194.0,139.0,120.0,133.0,204.0,228.0,109.0,222.0,180.0,249.0,144.0,231.0,182.0,254.0,127.0,251.0,205.0,237.0,117.0,242.0,174.0,257.0,177.0,248.0
image_181.jpg,104.0,60.0,113.0,49.0,95.0,49.0,124.0,52.0,84.0,51.0,140.0,120.0,69.0,116.0,140.0,203.0,56.0,185.0,91.0,218.0,83.0,190.0,123.0,246.0,76.0,243.0,122.0,258.0,58.0,254.0,87.0,259.0,103.0,259.0
image_184.jpg,166.0,59.0,182.0,44.0,153.0,44.0,207.0,50.0,133.0,48.0,246.0,118.0,85.0,112.0,254.0,201.0,47.0,191.0,214.0,212.0,133.0,200.0,215.0,258.0,117.0,255.0,219.0,254.0,92.0,245.0,205.0,256.0,206.0,256.0
image_194.jpg,95.0,97.0,99.0,93.0,91.0,93.0,104.0,93.0,85.0,93.0,103.0,117.0,79.0,120.0,104.0,145.0,76.0,156.0,116.0,163.0,79.0,189.0,105.0,185.0,88.0,187.0,106.0,229.0,88.0,229.0,107.0,254.0,87.0,254.0
image_195.jpg,127.0,49.0,131.0,46.0,124.0,46.0,135.0,48.0,119.0,49.0,141.0,76.0,113.0,77.0,148.0,107.0,108.0,109.0,142.0,134.0,111.0,134.0,137.0,135.0,117.0,137.0,140.0,180.0,120.0,188.0,136.0,158.0,124.0,235.0
image_196.jpg,129.0,37.0,134.0,34.0,125.0,33.0,140.0,38.0,117.0,36.0,152.0,62.0,101.0,60.0,161.0,90.0,91.0,87.0,164.0,113.0,88.0,111.0,142.0,116.0,110.0,117.0,144.0,157.0,104.0,158.0,146.0,195.0,104.0,195.0
image_197.jpg,92.0,62.0,95.0,58.0,89.0,59.0,98.0,58.0,83.0,61.0,108.0,79.0,80.0,80.0,116.0,112.0,75.0,111.0,120.0,141.0,73.0,141.0,103.0,136.0,85.0,136.0,100.0,185.0,91.0,185.0,81.0,234.0,99.0,235.0
image_198.jpg,138.0,35.0,144.0,29.0,132.0,31.0,153.0,32.0,124.0,35.0,165.0,64.0,108.0,65.0,168.0,98.0,98.0,103.0,176.0,128.0,96.0,134.0,158.0,129.0,121.0,130.0,163.0,179.0,105.0,180.0,160.0,222.0,93.0,227.0
image_199.jpg,76.0,86.0,79.0,82.0,71.0,83.0,88.0,84.0,66.0,87.0,106.0,103.0,58.0,108.0,123.0,130.0,46.0,135.0,118.0,154.0,55.0,149.0,102.0,152.0,74.0,153.0,111.0,193.0,70.0,192.0,127.0,233.0,68.0,232.0
image_200.jpg,126.0,68.0,129.0,65.0,122.0,65.0,133.0,68.0,112.0,69.0,146.0,93.0,97.0,94.0,154.0,122.0,87.0,121.0,148.0,149.0,95.0,148.0,136.0,149.0,107.0,151.0,149.0,190.0,99.0,189.0,154.0,234.0,102.0,230.0
image_201.jpg,128.0,34.0,134.0,29.0,122.0,29.0,143.0,34.0,113.0,33.0,159.0,64.0,94.0,65.0,192.0,91.0,60.0,91.0,177.0,119.0,81.0,120.0,150.0,136.0,108.0,139.0,155.0,186.0,101.0,185.0,154.0,226.0,99.0,225.0
image_202.jpg,98.0,50.0,103.0,47.0,93.0,48.0,109.0,52.0,84.0,54.0,120.0,80.0,69.0,79.0,134.0,108.0,58.0,108.0,119.0,124.0,65.0,129.0,114.0,139.0,78.0,140.0,115.0,178.0,74.0,175.0,120.0,215.0,72.0,213.0
image_291.jpg,120.0,87.0,130.0,74.0,114.0,74.0,147.0,76.0,112.0,77.0,168.0,151.0,93.0,148.0,178.0,211.0,81.0,226.0,179.0,252.0,82.0,249.0,155.0,255.0,108.0,252.0,176.0,256.0,82.0,242.0,8.0,253.0,140.0,269.0
image_292.jpg,100.0,66.0,106.0,57.0,93.0,57.0,113.0,56.0,82.0,54.0,132.0,118.0,68.0,116.0,146.0,179.0,59.0,192.0,126.0,202.0,86.0,197.0,123.0,243.0,81.0,240.0,168.0,239.0,187.0,238.0,165.0,256.0,185.0,254.0
image_293.jpg,178.0,93.0,188.0,81.0,168.0,81.0,203.0,83.0,157.0,81.0,217.0,133.0,145.0,146.0,229.0,237.0,141.0,205.0,226.0,234.0,144.0,193.0,203.0,254.0,156.0,251.0,98.0,253.0,132.0,238.0,157.0,259.0,144.0,255.0
image_294.jpg,81.0,63.0,89.0,53.0,71.0,54.0,97.0,60.0,58.0,62.0,105.0,129.0,42.0,132.0,129.0,198.0,65.0,222.0,121.0,222.0,107.0,198.0,106.0,253.0,66.0,252.0,131.0,229.0,68.0,254.0,216.0,253.0,217.0,255.0
image_295.jpg,148.0,32.0,166.0,14.0,126.0,14.0,183.0,2.0,104.0,4.0,208.0,14.0,20.0,3.0,221.0,114.0,44.0,132.0,226.0,79.0,70.0,131.0,174.0,194.0,91.0,197.0,162.0,212.0,90.0,228.0,152.0,240.0,105.0,231.0
image_296.jpg,133.0,74.0,137.0,66.0,128.0,65.0,136.0,64.0,111.0,61.0,140.0,108.0,94.0,110.0,165.0,146.0,82.0,176.0,193.0,145.0,93.0,223.0,136.0,204.0,105.0,207.0,151.0,243.0,117.0,252.0,124.0,232.0,103.0,257.0
image_297.jpg,124.0,137.0,141.0,117.0,111.0,115.0,164.0,116.0,94.0,110.0,200.0,208.0,55.0,219.0,209.0,243.0,119.0,245.0,132.0,243.0,128.0,239.0,208.0,258.0,68.0,257.0,207.0,209.0,50.0,221.0,145.0,191.0,161.0,195.0
image_298.jpg,152.0,31.0,158.0,21.0,146.0,23.0,176.0,14.0,147.0,20.0,199.0,66.0,138.0,64.0,208.0,148.0,120.0,119.0,167.0,192.0,124.0,157.0,178.0,214.0,138.0,211.0,174.0,254.0,139.0,252.0,98.0,263.0,141.0,268.0
image_299.jpg,122.0,105.0,127.0,98.0,114.0,102.0,138.0,106.0,109.0,115.0,157.0,163.0,97.0,168.0,167.0,218.0,81.0,218.0,163.0,251.0,81.0,242.0,148.0,255.0,101.0,252.0,168.0,243.0,85.0,252.0,129.0,129.0,4.0,259.0
image_300.jpg,103.0,206.0,101.0,205.0,101.0,204.0,92.0,207.0,95.0,199.0,77.0,186.0,78.0,173.0,28.0,163.0,75.0,145.0,83.0,158.0,84.0,157.0,138.0,194.0,62.0,173.0,26.0,162.0,80.0,157.0,81.0,158.0,82.0,157.0
image_301.jpg,128.0,112.0,143.0,95.0,111.0,95.0,161.0,101.0,88.0,101.0,162.0,156.0,86.0,161.0,176.0,214.0,38.0,212.0,174.0,216.0,78.0,241.0,151.0,250.0,76.0,221.0,219.0,231.0,109.0,140.0,166.0,185.0,149.0,182.0
image_305.jpg,190.0,46.0,185.0,36.0,189.0,36.0,134.0,35.0,175.0,39.0,126.0,114.0,181.0,138.0,191.0,136.0,192.0,250.0,190.0,116.0,186.0,110.0,137.0,260.0,174.0,257.0,180.0,152.0,252.0,98.0,181.0,105.0,182.0,109.0
image_306.jpg,127.0,62.0,117.0,50.0,108.0,54.0,107.0,82.0,72.0,103.0,150.0,119.0,73.0,183.0,184.0,119.0,95.0,244.0,169.0,112.0,42.0,99.0,197.0,210.0,121.0,260.0,103.0,155.0,83.0,23.0,101.0,147.0,187.0,135.0
image_307.jpg,118.0,104.0,128.0,89.0,104.0,86.0,136.0,92.0,80.0,88.0,127.0,165.0,42.0,168.0,160.0,250.0,18.0,251.0,140.0,159.0,137.0,157.0,99.0,266.0,39.0,257.0,252.0,194.0,99.0,240.0,125.0,142.0,160.0,258.0
image_308.jpg,99.0,92.0,114.0,78.0,84.0,76.0,126.0,88.0,61.0,87.0,142.0,171.0,53.0,149.0,155.0,250.0,28.0,219.0,140.0,193.0,35.0,207.0,126.0,261.0,75.0,257.0,149.0,176.0,88.0,203.0,138.0,186.0,138.0,232.0
image_309.jpg,182.0,19.0,180.0,17.0,183.0,17.0,175.0,16.0,182.0,17.0,170.0,22.0,183.0,23.0,168.0,36.0,185.0,41.0,171.0,50.0,184.0,51.0,172.0,50.0,180.0,52.0,174.0,69.0,180.0,69.0,175.0,90.0,177.0,90.0
image_310.jpg,101.0,57.0,108.0,49.0,94.0,49.0,117.0,53.0,84.0,51.0,129.0,110.0,66.0,111.0,144.0,180.0,54.0,182.0,128.0,210.0,66.0,223.0,120.0,233.0,78.0,231.0,122.0,253.0,71.0,251.0,204.0,252.0,203.0,253.0
image_311.jpg,142.0,78.0,151.0,69.0,134.0,66.0,159.0,73.0,121.0,67.0,156.0,131.0,87.0,108.0,178.0,201.0,36.0,117.0,168.0,122.0,75.0,92.0,119.0,255.0,69.0,252.0,178.0,205.0,79.0,227.0,3.0,225.0,116.0,262.0
image_313.jpg,124.0,5.0,135.0,1.0,77.0,2.0,193.0,27.0,78.0,1.0,193.0,27.0,4.0,11.0,184.0,101.0,13.0,123.0,175.0,92.0,46.0,124.0,152.0,223.0,79.0,224.0,121.0,232.0,103.0,250.0,131.0,244.0,123.0,235.0
image_318.jpg,119.0,54.0,124.0,49.0,113.0,49.0,132.0,52.0,106.0,53.0,148.0,80.0,91.0,84.0,164.0,112.0,51.0,106.0,157.0,145.0,76.0,126.0,136.0,151.0,98.0,150.0,152.0,204.0,93.0,209.0,165.0,249.0,97.0,253.0
image_424.jpg,77.0,55.0,82.0,49.0,71.0,46.0,82.0,54.0,55.0,48.0,65.0,98.0,44.0,105.0,79.0,151.0,53.0,190.0,106.0,110.0,92.0,187.0,70.0,227.0,59.0,231.0,76.0,255.0,68.0,252.0,75.0,269.0,69.0,265.0
image_425.jpg,159.0,126.0,168.0,119.0,156.0,120.0,185.0,122.0,155.0,122.0,201.0,172.0,161.0,161.0,214.0,224.0,156.0,217.0,193.0,216.0,153.0,217.0,186.0,250.0,150.0,249.0,200.0,255.0,141.0,228.0,51.0,138.0,88.0,174.0
image_426.jpg,109.0,106.0,123.0,88.0,94.0,90.0,144.0,95.0,78.0,104.0,168.0,230.0,61.0,225.0,179.0,253.0,21.0,141.0,115.0,183.0,26.0,128.0,181.0,259.0,186.0,258.0,254.0,198.0,111.0,218.0,115.0,183.0,113.0,184.0
image_427.jpg,109.0,108.0,121.0,96.0,96.0,90.0,125.0,98.0,66.0,83.0,124.0,174.0,13.0,178.0,151.0,254.0,149.0,251.0,128.0,162.0,127.0,159.0,117.0,265.0,10.0,233.0,149.0,257.0,147.0,261.0,127.0,162.0,150.0,261.0
image_428.jpg,111.0,58.0,117.0,49.0,103.0,51.0,126.0,53.0,96.0,57.0,143.0,106.0,83.0,104.0,155.0,161.0,78.0,166.0,143.0,154.0,125.0,176.0,138.0,216.0,98.0,214.0,144.0,252.0,109.0,252.0,141.0,270.0,110.0,264.0
image_429.jpg,137.0,64.0,147.0,53.0,129.0,53.0,160.0,60.0,117.0,59.0,181.0,131.0,98.0,128.0,185.0,210.0,90.0,218.0,150.0,204.0,153.0,202.0,170.0,255.0,113.0,252.0,180.0,246.0,106.0,258.0,114.0,257.0,109.0,257.0
image_430.jpg,138.0,38.0,200.0,1.0,137.0,21.0,203.0,1.0,145.0,17.0,254.0,31.0,208.0,13.0,250.0,204.0,137.0,141.0,177.0,162.0,183.0,84.0,155.0,200.0,112.0,195.0,53.0,201.0,110.0,201.0,42.0,253.0,111.0,229.0
image_431.jpg,74.0,84.0,82.0,74.0,66.0,75.0,91.0,80.0,56.0,79.0,102.0,141.0,39.0,139.0,113.0,205.0,45.0,221.0,105.0,216.0,93.0,201.0,95.0,252.0,55.0,250.0,106.0,254.0,52.0,255.0,68.0,262.0,76.0,260.0
image_432.jpg,117.0,39.0,123.0,33.0,111.0,32.0,128.0,40.0,101.0,37.0,131.0,89.0,83.0,90.0,159.0,116.0,74.0,157.0,157.0,140.0,79.0,222.0,124.0,204.0,99.0,207.0,126.0,257.0,106.0,250.0,134.0,225.0,101.0,270.0
image_433.jpg,122.0,54.0,132.0,49.0,115.0,43.0,139.0,64.0,104.0,52.0,152.0,120.0,78.0,117.0,154.0,185.0,75.0,187.0,141.0,226.0,88.0,208.0,136.0,235.0,93.0,234.0,152.0,255.0,81.0,251.0,120.0,258.0,127.0,256.0
image_434.jpg,107.0,48.0,111.0,42.0,98.0,41.0,113.0,49.0,83.0,49.0,116.0,122.0,56.0,110.0,121.0,222.0,40.0,194.0,110.0,193.0,44.0,250.0,101.0,247.0,64.0,244.0,105.0,255.0,54.0,256.0,46.0,259.0,45.0,257.0
image_437.jpg,139.0,48.0,145.0,44.0,134.0,43.0,152.0,46.0,126.0,45.0,170.0,73.0,109.0,75.0,191.0,96.0,93.0,100.0,178.0,112.0,107.0,107.0,163.0,138.0,124.0,139.0,168.0,181.0,129.0,184.0,157.0,226.0,136.0,228.0
image_438.jpg,92.0,76.0,99.0,67.0,83.0,68.0,110.0,72.0,75.0,74.0,133.0,135.0,62.0,141.0,137.0,228.0,57.0,230.0,92.0,225.0,114.0,225.0,126.0,254.0,77.0,250.0,135.0,243.0,57.0,248.0,62.0,260.0,118.0,260.0
image_440.jpg,79.0,79.0,87.0,70.0,71.0,71.0,96.0,77.0,61.0,78.0,113.0,139.0,40.0,142.0,120.0,201.0,34.0,217.0,124.0,244.0,37.0,247.0,105.0,253.0,59.0,251.0,125.0,228.0,35.0,247.0,120.0,259.0,251.0,257.0
image_441.jpg,131.0,84.0,138.0,75.0,123.0,75.0,149.0,82.0,115.0,83.0,161.0,154.0,101.0,153.0,166.0,210.0,90.0,213.0,169.0,249.0,85.0,252.0,151.0,253.0,113.0,251.0,166.0,258.0,88.0,254.0,204.0,102.0,199.0,103.0
image_445.jpg,121.0,45.0,127.0,41.0,116.0,41.0,134.0,44.0,109.0,44.0,153.0,65.0,94.0,72.0,197.0,51.0,85.0,107.0,166.0,34.0,86.0,135.0,146.0,127.0,111.0,129.0,151.0,189.0,116.0,191.0,151.0,235.0,119.0,237.0
image_446.jpg,129.0,34.0,135.0,30.0,124.0,30.0,142.0,32.0,116.0,32.0,156.0,58.0,98.0,58.0,169.0,90.0,61.0,80.0,170.0,125.0,88.0,98.0,146.0,119.0,109.0,121.0,145.0,174.0,114.0,173.0,143.0,224.0,113.0,225.0
image_447.jpg,148.0,42.0,143.0,37.0,144.0,38.0,128.0,41.0,132.0,41.0,94.0,67.0,155.0,65.0,92.0,101.0,155.0,104.0,89.0,133.0,153.0,134.0,109.0,126.0,143.0,127.0,108.0,187.0,145.0,188.0,113.0,230.0,145.0,231.0
image_448.jpg,101.0,48.0,108.0,39.0,93.0,42.0,120.0,38.0,81.0,42.0,143.0,74.0,67.0,76.0,161.0,109.0,64.0,116.0,148.0,135.0,56.0,152.0,127.0,163.0,84.0,161.0,120.0,224.0,88.0,219.0,118.0,256.0,37.0,152.0
image_449.jpg,141.0,35.0,134.0,29.0,146.0,30.0,125.0,34.0,151.0,35.0,108.0,59.0,165.0,59.0,69.0,82.0,196.0,86.0,99.0,105.0,173.0,104.0,115.0,119.0,155.0,120.0,113.0,179.0,163.0,179.0,115.0,231.0,163.0,232.0
image_450.jpg,118.0,27.0,124.0,22.0,113.0,23.0,131.0,26.0,107.0,26.0,146.0,51.0,94.0,51.0,162.0,83.0,78.0,83.0,141.0,77.0,95.0,77.0,133.0,112.0,99.0,110.0,123.0,161.0,101.0,160.0,123.0,206.0,109.0,211.0
image_451.jpg,130.0,46.0,134.0,42.0,125.0,43.0,142.0,44.0,119.0,48.0,160.0,70.0,109.0,74.0,189.0,92.0,73.0,91.0,169.0,111.0,94.0,112.0,151.0,129.0,118.0,130.0,142.0,181.0,118.0,182.0,141.0,226.0,126.0,227.0
image_452.jpg,138.0,69.0,141.0,63.0,132.0,63.0,142.0,66.0,124.0,66.0,149.0,102.0,110.0,95.0,152.0,142.0,102.0,138.0,151.0,175.0,106.0,178.0,139.0,177.0,118.0,177.0,135.0,236.0,120.0,239.0,132.0,253.0,121.0,254.0
image_453.jpg,122.0,67.0,126.0,64.0,117.0,64.0,133.0,69.0,112.0,70.0,144.0,88.0,102.0,89.0,152.0,116.0,89.0,111.0,132.0,117.0,121.0,117.0,135.0,134.0,108.0,135.0,136.0,186.0,110.0,183.0,137.0,233.0,115.0,219.0
image_454.jpg,143.0,22.0,149.0,17.0,137.0,17.0,156.0,21.0,129.0,21.0,177.0,50.0,107.0,51.0,181.0,89.0,100.0,90.0,182.0,120.0,102.0,123.0,161.0,121.0,122.0,121.0,155.0,173.0,121.0,171.0,149.0,217.0,120.0,218.0
image_455.jpg,145.0,36.0,138.0,31.0,152.0,31.0,130.0,34.0,158.0,35.0,116.0,55.0,169.0,57.0,83.0,85.0,207.0,82.0,108.0,106.0,185.0,103.0,129.0,115.0,167.0,116.0,116.0,178.0,165.0,182.0,93.0,238.0,156.0,238.0
image_457.jpg,123.0,33.0,116.0,29.0,129.0,27.0,110.0,32.0,139.0,30.0,95.0,53.0,165.0,52.0,78.0,89.0,184.0,89.0,99.0,114.0,169.0,114.0,110.0,116.0,152.0,115.0,100.0,180.0,163.0,180.0,94.0,230.0,168.0,228.0
image_458.jpg,144.0,41.0,139.0,36.0,150.0,37.0,133.0,41.0,155.0,42.0,112.0,58.0,177.0,60.0,78.0,82.0,213.0,86.0,100.0,104.0,183.0,108.0,126.0,117.0,161.0,117.0,142.0,173.0,151.0,176.0,149.0,242.0,143.0,237.0
image_459.jpg,120.0,32.0,126.0,26.0,114.0,28.0,136.0,30.0,106.0,32.0,152.0,59.0,92.0,60.0,191.0,90.0,61.0,91.0,163.0,112.0,88.0,114.0,144.0,126.0,101.0,127.0,146.0,187.0,96.0,187.0,145.0,244.0,93.0,243.0
image_460.jpg,128.0,36.0,113.0,29.0,139.0,31.0,108.0,34.0,146.0,36.0,92.0,62.0,166.0,61.0,73.0,98.0,170.0,101.0,69.0,127.0,169.0,127.0,100.0,121.0,143.0,120.0,108.0,178.0,145.0,178.0,109.0,233.0,143.0,232.0
image_461.jpg,114.0,33.0,106.0,28.0,114.0,28.0,87.0,32.0,111.0,32.0,74.0,59.0,127.0,60.0,60.0,97.0,120.0,99.0,74.0,125.0,102.0,130.0,85.0,126.0,115.0,126.0,88.0,178.0,104.0,178.0,102.0,228.0,90.0,231.0
image_462.jpg,134.0,49.0,138.0,44.0,128.0,46.0,146.0,46.0,123.0,50.0,164.0,70.0,110.0,69.0,193.0,94.0,79.0,91.0,175.0,115.0,93.0,113.0,149.0,122.0,116.0,122.0,139.0,171.0,117.0,174.0,149.0,224.0,129.0,224.0
image_463.jpg,128.0,29.0,133.0,25.0,122.0,25.0,142.0,30.0,115.0,30.0,159.0,58.0,98.0,56.0,167.0,97.0,89.0,93.0,172.0,130.0,85.0,125.0,146.0,131.0,108.0,132.0,148.0,177.0,111.0,179.0,142.0,230.0,118.0,231.0
image_464.jpg,139.0,38.0,146.0,33.0,134.0,33.0,154.0,36.0,124.0,35.0,164.0,66.0,105.0,61.0,170.0,99.0,70.0,86.0,172.0,133.0,87.0,109.0,151.0,126.0,115.0,125.0,150.0,177.0,109.0,181.0,154.0,218.0,115.0,224.0
image_465.jpg,128.0,50.0,133.0,45.0,123.0,46.0,140.0,45.0,116.0,47.0,156.0,71.0,104.0,70.0,186.0,99.0,70.0,92.0,167.0,129.0,82.0,118.0,138.0,141.0,105.0,138.0,153.0,185.0,112.0,189.0,151.0,231.0,127.0,229.0
image_466.jpg,129.0,47.0,123.0,42.0,134.0,41.0,115.0,47.0,141.0,48.0,96.0,68.0,158.0,69.0,60.0,97.0,196.0,99.0,94.0,114.0,162.0,112.0,109.0,122.0,145.0,122.0,103.0,178.0,153.0,181.0,100.0,232.0,161.0,232.0
image_467.jpg,127.0,55.0,131.0,52.0,122.0,52.0,137.0,55.0,116.0,56.0,149.0,74.0,104.0,74.0,160.0,101.0,74.0,98.0,166.0,124.0,96.0,109.0,141.0,119.0,112.0,119.0,172.0,161.0,108.0,163.0,172.0,208.0,106.0,212.0
image_468.jpg,127.0,25.0,135.0,23.0,124.0,18.0,141.0,28.0,115.0,18.0,147.0,51.0,93.0,50.0,161.0,81.0,92.0,80.0,168.0,108.0,86.0,107.0,147.0,114.0,107.0,116.0,149.0,168.0,106.0,166.0,149.0,219.0,105.0,221.0
image_469.jpg,137.0,36.0,128.0,31.0,140.0,32.0,115.0,33.0,139.0,34.0,98.0,64.0,150.0,63.0,95.0,102.0,155.0,101.0,101.0,129.0,157.0,135.0,105.0,134.0,137.0,135.0,109.0,182.0,132.0,178.0,118.0,230.0,123.0,233.0
image_470.jpg,134.0,32.0,140.0,26.0,128.0,27.0,148.0,30.0,120.0,31.0,166.0,57.0,100.0,57.0,170.0,89.0,92.0,92.0,174.0,113.0,95.0,118.0,156.0,124.0,116.0,125.0,149.0,182.0,118.0,183.0,145.0,225.0,127.0,229.0
image_471.jpg,138.0,48.0,135.0,42.0,145.0,43.0,124.0,47.0,155.0,47.0,100.0,69.0,172.0,68.0,95.0,95.0,166.0,93.0,126.0,91.0,153.0,75.0,117.0,121.0,157.0,122.0,113.0,180.0,162.0,182.0,111.0,221.0,156.0,220.0
image_472.jpg,124.0,38.0,122.0,34.0,123.0,34.0,122.0,36.0,122.0,37.0,151.0,61.0,92.0,61.0,157.0,98.0,85.0,97.0,160.0,128.0,83.0,126.0,139.0,119.0,102.0,118.0,139.0,188.0,106.0,184.0,132.0,231.0,111.0,231.0
image_473.jpg,134.0,33.0,138.0,28.0,127.0,28.0,144.0,29.0,116.0,30.0,160.0,58.0,100.0,60.0,165.0,93.0,92.0,93.0,155.0,123.0,88.0,126.0,143.0,129.0,109.0,128.0,136.0,182.0,111.0,184.0,133.0,221.0,120.0,228.0
image_474.jpg,122.0,53.0,126.0,49.0,116.0,48.0,131.0,52.0,106.0,50.0,141.0,70.0,92.0,74.0,153.0,102.0,104.0,100.0,128.0,103.0,137.0,90.0,134.0,128.0,104.0,128.0,159.0,172.0,103.0,177.0,168.0,225.0,110.0,227.0
image_475.jpg,123.0,32.0,129.0,26.0,119.0,27.0,140.0,27.0,117.0,30.0,165.0,55.0,102.0,54.0,192.0,81.0,64.0,78.0,172.0,105.0,90.0,101.0,150.0,126.0,109.0,124.0,158.0,177.0,94.0,173.0,156.0,223.0,90.0,220.0
image_476.jpg,91.0,39.0,96.0,34.0,85.0,34.0,104.0,35.0,77.0,35.0,121.0,63.0,60.0,65.0,133.0,97.0,49.0,100.0,136.0,127.0,44.0,128.0,110.0,131.0,69.0,132.0,130.0,182.0,72.0,182.0,164.0,231.0,88.0,226.0
image_477.jpg,128.0,38.0,121.0,33.0,134.0,32.0,112.0,38.0,141.0,38.0,94.0,59.0,158.0,58.0,57.0,89.0,198.0,91.0,92.0,107.0,160.0,105.0,107.0,114.0,146.0,114.0,101.0,177.0,158.0,179.0,99.0,231.0,166.0,231.0
image_479.jpg,115.0,43.0,122.0,38.0,109.0,36.0,127.0,42.0,94.0,37.0,134.0,62.0,77.0,54.0,168.0,83.0,69.0,66.0,150.0,106.0,64.0,88.0,119.0,104.0,78.0,103.0,120.0,161.0,83.0,157.0,127.0,216.0,87.0,208.0
image_481.jpg,133.0,40.0,125.0,35.0,136.0,35.0,109.0,36.0,134.0,37.0,91.0,59.0,150.0,59.0,55.0,82.0,185.0,85.0,81.0,101.0,156.0,100.0,96.0,125.0,135.0,127.0,98.0,177.0,131.0,178.0,96.0,229.0,126.0,230.0
image_482.jpg,184.0,75.0,188.0,72.0,182.0,72.0,195.0,72.0,183.0,74.0,197.0,96.0,184.0,93.0,200.0,120.0,181.0,112.0,182.0,120.0,177.0,115.0,193.0,148.0,183.0,147.0,195.0,190.0,182.0,187.0,198.0,230.0,179.0,220.0
image_483.jpg,121.0,33.0,113.0,28.0,128.0,27.0,107.0,33.0,133.0,33.0,91.0,63.0,147.0,62.0,83.0,101.0,159.0,97.0,80.0,133.0,169.0,70.0,100.0,134.0,135.0,131.0,102.0,177.0,131.0,183.0,98.0,222.0,126.0,239.0
image_485.jpg,150.0,60.0,155.0,58.0,151.0,58.0,168.0,63.0,155.0,62.0,184.0,85.0,144.0,81.0,220.0,102.0,106.0,91.0,190.0,110.0,126.0,108.0,176.0,123.0,145.0,123.0,187.0,167.0,129.0,169.0,203.0,214.0,110.0,211.0
image_486.jpg,124.0,58.0,129.0,55.0,120.0,56.0,141.0,60.0,117.0,62.0,153.0,86.0,107.0,83.0,176.0,112.0,71.0,107.0,163.0,128.0,90.0,126.0,147.0,135.0,113.0,134.0,156.0,192.0,104.0,186.0,165.0,242.0,105.0,240.0
image_487.jpg,129.0,41.0,135.0,37.0,124.0,37.0,142.0,41.0,116.0,40.0,160.0,70.0,97.0,71.0,165.0,108.0,89.0,106.0,166.0,139.0,90.0,135.0,144.0,139.0,110.0,139.0,141.0,186.0,113.0,185.0,137.0,227.0,118.0,227.0
image_488.jpg,128.0,46.0,133.0,42.0,123.0,42.0,140.0,44.0,115.0,45.0,151.0,70.0,105.0,68.0,162.0,102.0,97.0,95.0,121.0,103.0,88.0,109.0,130.0,129.0,103.0,127.0,140.0,182.0,102.0,179.0,189.0,220.0,112.0,227.0
image_489.jpg,128.0,32.0,126.0,27.0,132.0,27.0,120.0,31.0,137.0,33.0,87.0,52.0,160.0,54.0,71.0,87.0,177.0,90.0,88.0,115.0,154.0,116.0,102.0,117.0,140.0,116.0,93.0,181.0,155.0,180.0,159.0,226.0,88.0,225.0
image_490.jpg,130.0,30.0,124.0,24.0,135.0,25.0,116.0,31.0,141.0,31.0,93.0,60.0,162.0,60.0,90.0,112.0,167.0,105.0,99.0,142.0,162.0,133.0,109.0,126.0,149.0,126.0,114.0,186.0,146.0,186.0,115.0,241.0,145.0,245.0
image_491.jpg,124.0,46.0,130.0,42.0,120.0,40.0,136.0,44.0,107.0,40.0,141.0,65.0,94.0,67.0,176.0,93.0,89.0,100.0,162.0,120.0,85.0,130.0,139.0,131.0,106.0,133.0,144.0,176.0,104.0,177.0,144.0,220.0,113.0,220.0
image_492.jpg,120.0,32.0,125.0,27.0,113.0,28.0,131.0,29.0,104.0,33.0,148.0,58.0,90.0,58.0,188.0,82.0,49.0,83.0,163.0,109.0,73.0,110.0,141.0,125.0,101.0,125.0,133.0,177.0,93.0,181.0,125.0,229.0,98.0,227.0
image_493.jpg,155.0,40.0,160.0,36.0,150.0,36.0,168.0,40.0,143.0,40.0,182.0,63.0,131.0,62.0,200.0,93.0,119.0,85.0,193.0,113.0,124.0,102.0,168.0,125.0,136.0,125.0,161.0,175.0,135.0,173.0,160.0,224.0,137.0,222.0
image_494.jpg,129.0,33.0,122.0,28.0,136.0,27.0,114.0,32.0,142.0,33.0,99.0,59.0,160.0,58.0,91.0,93.0,168.0,94.0,85.0,129.0,173.0,128.0,109.0,130.0,147.0,129.0,114.0,174.0,143.0,173.0,121.0,227.0,139.0,226.0
image_495.jpg,109.0,41.0,105.0,36.0,112.0,36.0,98.0,42.0,118.0,42.0,76.0,65.0,133.0,61.0,63.0,97.0,135.0,97.0,81.0,117.0,139.0,117.0,89.0,120.0,119.0,118.0,88.0,177.0,129.0,176.0,88.0,228.0,139.0,229.0
image_496.jpg,134.0,49.0,139.0,47.0,130.0,46.0,144.0,51.0,124.0,48.0,147.0,68.0,111.0,69.0,152.0,90.0,104.0,98.0,148.0,66.0,98.0,125.0,139.0,123.0,114.0,123.0,138.0,171.0,114.0,171.0,132.0,210.0,118.0,216.0
image_497.jpg,121.0,67.0,112.0,62.0,128.0,62.0,110.0,64.0,135.0,65.0,97.0,83.0,151.0,86.0,61.0,106.0,185.0,108.0,88.0,123.0,158.0,125.0,104.0,143.0,139.0,144.0,112.0,190.0,134.0,189.0,113.0,232.0,131.0,232.0
image_498.jpg,164.0,39.0,154.0,33.0,172.0,34.0,149.0,37.0,178.0,39.0,132.0,59.0,191.0,62.0,112.0,93.0,202.0,96.0,124.0,110.0,189.0,109.0,142.0,118.0,178.0,120.0,117.0,174.0,171.0,176.0,91.0,226.0,160.0,230.0
image_499.jpg,138.0,40.0,145.0,33.0,130.0,35.0,157.0,39.0,120.0,43.0,177.0,77.0,104.0,76.0,187.0,120.0,90.0,114.0,203.0,156.0,99.0,137.0,168.0,154.0,120.0,157.0,160.0,221.0,115.0,219.0,161.0,255.0,111.0,256.0
image_500.jpg,121.0,29.0,128.0,25.0,117.0,25.0,138.0,30.0,109.0,28.0,152.0,57.0,95.0,58.0,206.0,76.0,50.0,81.0,172.0,105.0,79.0,107.0,143.0,124.0,105.0,123.0,137.0,181.0,94.0,177.0,126.0,231.0,104.0,228.0
image_501.jpg,141.0,28.0,137.0,21.0,147.0,23.0,131.0,27.0,154.0,29.0,110.0,46.0,174.0,50.0,76.0,74.0,203.0,80.0,105.0,97.0,169.0,96.0,118.0,110.0,155.0,112.0,117.0,164.0,151.0,169.0,118.0,209.0,137.0,212.0
image_502.jpg,125.0,28.0,130.0,24.0,121.0,24.0,139.0,28.0,113.0,27.0,155.0,54.0,97.0,52.0,210.0,64.0,40.0,64.0,171.0,86.0,81.0,86.0,148.0,112.0,109.0,112.0,141.0,168.0,112.0,169.0,136.0,221.0,116.0,222.0
image_503.jpg,132.0,40.0,137.0,37.0,127.0,36.0,144.0,38.0,121.0,38.0,156.0,61.0,107.0,60.0,165.0,91.0,97.0,91.0,162.0,121.0,101.0,117.0,146.0,117.0,115.0,118.0,153.0,167.0,108.0,167.0,156.0,209.0,115.0,209.0
image_504.jpg,126.0,63.0,129.0,60.0,122.0,62.0,134.0,62.0,119.0,65.0,141.0,87.0,118.0,88.0,146.0,117.0,116.0,114.0,155.0,108.0,114.0,137.0,139.0,141.0,123.0,142.0,144.0,191.0,119.0,191.0,148.0,239.0,114.0,237.0
image_508.jpg,129.0,47.0,123.0,42.0,134.0,41.0,115.0,47.0,141.0,48.0,96.0,68.0,158.0,69.0,60.0,97.0,196.0,99.0,94.0,114.0,162.0,112.0,109.0,122.0,145.0,122.0,103.0,178.0,153.0,181.0,100.0,232.0,161.0,232.0
image_513.jpg,141.0,28.0,137.0,21.0,147.0,23.0,131.0,27.0,154.0,29.0,110.0,46.0,174.0,50.0,76.0,74.0,203.0,80.0,105.0,97.0,169.0,96.0,118.0,110.0,155.0,112.0,117.0,164.0,151.0,169.0,118.0,209.0,137.0,212.0
image_518.jpg,129.0,47.0,124.0,41.0,134.0,41.0,115.0,47.0,142.0,48.0,96.0,68.0,158.0,69.0,60.0,97.0,196.0,99.0,92.0,113.0,163.0,112.0,109.0,122.0,145.0,121.0,104.0,178.0,154.0,180.0,100.0,231.0,162.0,231.0
image_519.jpg,129.0,96.0,120.0,89.0,135.0,89.0,111.0,98.0,143.0,97.0,98.0,151.0,152.0,149.0,95.0,213.0,158.0,217.0,95.0,249.0,160.0,246.0,112.0,248.0,145.0,246.0,111.0,257.0,145.0,254.0,94.0,260.0,55.0,56.0
image_520.jpg,63.0,103.0,65.0,100.0,59.0,101.0,68.0,101.0,54.0,103.0,70.0,116.0,53.0,117.0,72.0,137.0,49.0,137.0,71.0,141.0,62.0,141.0,70.0,158.0,59.0,157.0,68.0,193.0,61.0,192.0,61.0,217.0,60.0,222.0
image_521.jpg,127.0,39.0,122.0,33.0,133.0,33.0,113.0,39.0,139.0,38.0,94.0,59.0,159.0,58.0,57.0,89.0,198.0,90.0,95.0,106.0,162.0,105.0,108.0,115.0,146.0,116.0,102.0,175.0,158.0,177.0,99.0,231.0,166.0,230.0
image_522.jpg,126.0,49.0,119.0,43.0,131.0,43.0,112.0,49.0,139.0,48.0,94.0,71.0,156.0,71.0,59.0,99.0,194.0,99.0,93.0,113.0,161.0,112.0,107.0,127.0,144.0,128.0,95.0,182.0,160.0,181.0,85.0,232.0,174.0,228.0
image_523.jpg,132.0,99.0,126.0,91.0,138.0,92.0,118.0,96.0,143.0,99.0,103.0,132.0,152.0,130.0,74.0,169.0,180.0,171.0,96.0,208.0,160.0,208.0,110.0,220.0,140.0,221.0,106.0,252.0,145.0,249.0,108.0,264.0,143.0,264.0
image_524.jpg,133.0,89.0,128.0,80.0,138.0,80.0,121.0,88.0,145.0,88.0,111.0,128.0,155.0,131.0,86.0,175.0,177.0,189.0,103.0,213.0,156.0,222.0,117.0,219.0,143.0,221.0,109.0,252.0,147.0,249.0,109.0,235.0,153.0,237.0
image_525.jpg,175.0,95.0,183.0,85.0,170.0,86.0,193.0,87.0,168.0,89.0,208.0,132.0,155.0,131.0,201.0,195.0,144.0,198.0,152.0,198.0,190.0,197.0,193.0,238.0,162.0,238.0,201.0,221.0,161.0,254.0,160.0,260.0,159.0,258.0
image_526.jpg,140.0,52.0,136.0,47.0,142.0,47.0,131.0,53.0,149.0,53.0,120.0,92.0,163.0,92.0,100.0,139.0,187.0,136.0,117.0,168.0,166.0,164.0,128.0,167.0,154.0,168.0,122.0,234.0,156.0,232.0,113.0,258.0,160.0,255.0
image_527.jpg,62.0,61.0,67.0,55.0,56.0,54.0,71.0,57.0,46.0,56.0,76.0,96.0,35.0,99.0,87.0,144.0,42.0,153.0,69.0,176.0,62.0,170.0,75.0,179.0,48.0,181.0,75.0,249.0,46.0,251.0,75.0,265.0,45.0,262.0
image_528.jpg,134.0,41.0,130.0,35.0,139.0,35.0,123.0,41.0,146.0,41.0,104.0,60.0,162.0,62.0,66.0,84.0,197.0,88.0,99.0,106.0,164.0,104.0,114.0,120.0,148.0,120.0,115.0,176.0,143.0,174.0,121.0,220.0,141.0,220.0
image_529.jpg,148.0,70.0,154.0,62.0,142.0,62.0,161.0,66.0,133.0,65.0,173.0,113.0,118.0,115.0,204.0,164.0,88.0,163.0,179.0,206.0,113.0,201.0,165.0,216.0,130.0,213.0,13.0,214.0,57.0,153.0,30.0,161.0,31.0,161.0
image_530.jpg,148.0,116.0,133.0,110.0,151.0,105.0,116.0,115.0,152.0,112.0,98.0,177.0,171.0,170.0,93.0,244.0,179.0,244.0,118.0,153.0,245.0,2.0,124.0,258.0,161.0,256.0,93.0,253.0,171.0,200.0,248.0,4.0,247.0,4.0
image_531.jpg,77.0,98.0,69.0,92.0,82.0,94.0,62.0,96.0,86.0,98.0,54.0,129.0,91.0,131.0,49.0,176.0,112.0,165.0,52.0,206.0,96.0,186.0,61.0,212.0,90.0,211.0,60.0,254.0,86.0,250.0,53.0,217.0,86.0,272.0
image_532.jpg,141.0,88.0,143.0,81.0,135.0,82.0,208.0,110.0,119.0,83.0,145.0,128.0,103.0,129.0,155.0,184.0,103.0,179.0,148.0,184.0,131.0,177.0,148.0,220.0,124.0,220.0,151.0,256.0,122.0,252.0,86.0,262.0,87.0,260.0
image_533.jpg,141.0,48.0,150.0,40.0,131.0,40.0,161.0,44.0,118.0,44.0,183.0,84.0,97.0,82.0,215.0,128.0,59.0,127.0,188.0,144.0,88.0,146.0,169.0,182.0,107.0,181.0,166.0,253.0,121.0,253.0,156.0,256.0,124.0,260.0
image_534.jpg,138.0,68.0,149.0,56.0,131.0,55.0,166.0,61.0,124.0,56.0,184.0,128.0,111.0,129.0,185.0,222.0,99.0,207.0,121.0,211.0,100.0,228.0,156.0,252.0,109.0,247.0,36.0,214.0,7.0,211.0,36.0,253.0,5.0,252.0
image_535.jpg,80.0,44.0,88.0,33.0,70.0,32.0,96.0,41.0,56.0,38.0,108.0,110.0,36.0,110.0,123.0,201.0,17.0,219.0,103.0,222.0,69.0,189.0,102.0,251.0,51.0,249.0,143.0,237.0,154.0,235.0,169.0,247.0,154.0,253.0
image_536.jpg,196.0,56.0,204.0,48.0,189.0,48.0,215.0,52.0,183.0,51.0,223.0,98.0,169.0,97.0,211.0,159.0,147.0,159.0,173.0,155.0,173.0,154.0,206.0,205.0,172.0,202.0,210.0,258.0,179.0,253.0,208.0,256.0,179.0,266.0
image_537.jpg,79.0,42.0,86.0,34.0,72.0,35.0,95.0,41.0,63.0,42.0,111.0,91.0,53.0,94.0,121.0,155.0,52.0,158.0,103.0,144.0,101.0,147.0,103.0,205.0,63.0,203.0,121.0,239.0,63.0,251.0,122.0,239.0,123.0,238.0
image_539.jpg,155.0,70.0,165.0,59.0,148.0,59.0,179.0,64.0,141.0,63.0,189.0,128.0,127.0,128.0,182.0,208.0,116.0,186.0,126.0,198.0,118.0,195.0,171.0,253.0,131.0,250.0,76.0,181.0,105.0,233.0,252.0,259.0,61.0,229.0
image_540.jpg,130.0,55.0,118.0,49.0,139.0,46.0,107.0,56.0,147.0,54.0,84.0,91.0,170.0,91.0,39.0,129.0,216.0,130.0,84.0,159.0,171.0,154.0,104.0,191.0,156.0,191.0,111.0,254.0,152.0,252.0,111.0,269.0,153.0,266.0
image_541.jpg,162.0,89.0,174.0,79.0,157.0,78.0,193.0,88.0,153.0,80.0,200.0,161.0,145.0,152.0,191.0,238.0,129.0,206.0,121.0,92.0,121.0,241.0,170.0,257.0,133.0,248.0,74.0,211.0,55.0,224.0,62.0,254.0,54.0,255.0
image_542.jpg,103.0,55.0,94.0,49.0,117.0,49.0,94.0,54.0,135.0,54.0,73.0,89.0,156.0,84.0,67.0,140.0,213.0,120.0,65.0,185.0,169.0,149.0,92.0,190.0,142.0,191.0,98.0,252.0,138.0,252.0,97.0,265.0,139.0,264.0
image_550.jpg,149.0,29.0,157.0,21.0,139.0,23.0,174.0,27.0,129.0,32.0,197.0,69.0,111.0,67.0,240.0,115.0,67.0,110.0,193.0,150.0,109.0,148.0,177.0,168.0,116.0,167.0,176.0,254.0,116.0,252.0,178.0,262.0,113.0,260.0
image_552.jpg,128.0,32.0,122.0,27.0,135.0,27.0,116.0,32.0,143.0,32.0,99.0,54.0,159.0,56.0,62.0,81.0,195.0,83.0,86.0,106.0,168.0,108.0,105.0,119.0,146.0,121.0,111.0,179.0,144.0,178.0,116.0,236.0,136.0,238.0
image_553.jpg,121.0,67.0,112.0,62.0,128.0,62.0,110.0,64.0,135.0,65.0,97.0,83.0,151.0,86.0,61.0,106.0,185.0,108.0,88.0,123.0,158.0,125.0,104.0,143.0,139.0,144.0,112.0,190.0,134.0,189.0,113.0,232.0,131.0,232.0
image_554.jpg,136.0,67.0,142.0,64.0,131.0,63.0,149.0,68.0,123.0,67.0,163.0,93.0,107.0,91.0,202.0,117.0,65.0,119.0,178.0,137.0,91.0,147.0,154.0,153.0,120.0,153.0,149.0,207.0,127.0,209.0,142.0,255.0,124.0,255.0
image_555 (copy).jpg,126.0,74.0,118.0,70.0,135.0,71.0,114.0,76.0,140.0,75.0,102.0,99.0,153.0,96.0,97.0,133.0,164.0,135.0,94.0,155.0,164.0,158.0,114.0,167.0,145.0,168.0,115.0,189.0,144.0,191.0,119.0,230.0,140.0,228.0
image_555.jpg,126.0,74.0,118.0,70.0,135.0,71.0,114.0,76.0,140.0,75.0,102.0,99.0,153.0,96.0,97.0,133.0,164.0,135.0,94.0,155.0,164.0,158.0,114.0,167.0,145.0,168.0,115.0,189.0,144.0,191.0,119.0,230.0,140.0,228.0
image_556.jpg,179.0,68.0,187.0,61.0,174.0,60.0,199.0,67.0,167.0,63.0,210.0,111.0,155.0,115.0,221.0,168.0,146.0,174.0,218.0,222.0,147.0,222.0,196.0,225.0,161.0,224.0,64.0,225.0,50.0,230.0,57.0,250.0,50.0,251.0
image_557.jpg,125.0,43.0,119.0,39.0,129.0,39.0,114.0,44.0,132.0,47.0,110.0,71.0,135.0,71.0,106.0,103.0,142.0,104.0,103.0,126.0,146.0,127.0,116.0,130.0,134.0,130.0,116.0,173.0,133.0,174.0,116.0,221.0,131.0,217.0
image_558.jpg,129.0,84.0,124.0,76.0,135.0,75.0,115.0,85.0,142.0,83.0,100.0,136.0,157.0,139.0,93.0,196.0,162.0,199.0,89.0,245.0,163.0,245.0,110.0,240.0,144.0,239.0,91.0,254.0,144.0,252.0,90.0,255.0,153.0,257.0
image_559.jpg,86.0,37.0,94.0,29.0,77.0,26.0,100.0,37.0,63.0,31.0,115.0,105.0,42.0,107.0,129.0,198.0,25.0,222.0,110.0,216.0,72.0,189.0,110.0,252.0,56.0,250.0,131.0,253.0,30.0,249.0,189.0,204.0,189.0,204.0
image_560.jpg,117.0,59.0,106.0,52.0,127.0,51.0,98.0,56.0,136.0,56.0,75.0,91.0,156.0,89.0,66.0,141.0,213.0,121.0,66.0,186.0,170.0,152.0,92.0,191.0,142.0,191.0,97.0,252.0,136.0,252.0,96.0,266.0,138.0,265.0
image_561.jpg,101.0,45.0,107.0,41.0,95.0,41.0,117.0,46.0,88.0,46.0,131.0,69.0,71.0,71.0,148.0,105.0,51.0,99.0,103.0,102.0,76.0,110.0,116.0,130.0,83.0,132.0,111.0,179.0,90.0,177.0,106.0,222.0,98.0,215.0
image_562.jpg,145.0,36.0,138.0,31.0,152.0,31.0,130.0,34.0,158.0,35.0,116.0,55.0,169.0,57.0,83.0,85.0,207.0,82.0,108.0,106.0,185.0,103.0,129.0,115.0,167.0,116.0,116.0,178.0,165.0,182.0,93.0,238.0,156.0,238.0
image_563.jpg,99.0,56.0,94.0,52.0,103.0,53.0,87.0,57.0,106.0,58.0,78.0,83.0,107.0,86.0,72.0,124.0,111.0,126.0,67.0,157.0,117.0,162.0,81.0,155.0,103.0,156.0,73.0,213.0,99.0,215.0,67.0,251.0,99.0,252.0
image_565.jpg,151.0,53.0,164.0,41.0,139.0,41.0,183.0,47.0,122.0,46.0,219.0,107.0,89.0,109.0,240.0,176.0,90.0,189.0,134.0,170.0,191.0,170.0,201.0,247.0,117.0,248.0,239.0,235.0,9.0,172.0,176.0,270.0,186.0,267.0
image_566.jpg,126.0,31.0,120.0,25.0,133.0,25.0,115.0,29.0,139.0,29.0,100.0,49.0,154.0,50.0,67.0,79.0,192.0,76.0,88.0,100.0,166.0,100.0,110.0,110.0,147.0,110.0,116.0,177.0,147.0,176.0,125.0,238.0,143.0,238.0
image_567.jpg,141.0,35.0,134.0,29.0,146.0,30.0,125.0,34.0,151.0,35.0,108.0,59.0,165.0,59.0,69.0,82.0,196.0,86.0,99.0,105.0,173.0,104.0,115.0,119.0,155.0,120.0,113.0,179.0,163.0,179.0,115.0,231.0,163.0,232.0
image_571.jpg,155.0,52.0,137.0,45.0,153.0,45.0,103.0,52.0,147.0,51.0,78.0,96.0,176.0,95.0,38.0,147.0,216.0,150.0,70.0,183.0,189.0,182.0,95.0,209.0,161.0,210.0,100.0,254.0,160.0,251.0,97.0,271.0,164.0,270.0
image_572.jpg,133.0,40.0,125.0,35.0,136.0,35.0,109.0,36.0,134.0,37.0,91.0,59.0,150.0,59.0,55.0,82.0,185.0,85.0,81.0,101.0,156.0,100.0,96.0,125.0,135.0,127.0,98.0,177.0,131.0,178.0,96.0,229.0,126.0,230.0
image_573.jpg,113.0,49.0,112.0,46.0,126.0,45.0,115.0,48.0,142.0,48.0,99.0,71.0,158.0,72.0,88.0,109.0,161.0,110.0,92.0,138.0,160.0,133.0,110.0,126.0,145.0,126.0,96.0,179.0,147.0,181.0,82.0,225.0,148.0,227.0
image_575.jpg,129.0,29.0,136.0,25.0,123.0,23.0,142.0,29.0,114.0,26.0,155.0,55.0,95.0,54.0,181.0,86.0,69.0,84.0,166.0,114.0,69.0,114.0,140.0,120.0,99.0,118.0,147.0,176.0,104.0,168.0,137.0,223.0,110.0,222.0
image_577.jpg,116.0,35.0,122.0,31.0,112.0,33.0,134.0,34.0,108.0,37.0,155.0,61.0,95.0,61.0,200.0,82.0,49.0,84.0,167.0,107.0,84.0,106.0,143.0,129.0,107.0,128.0,150.0,182.0,100.0,179.0,152.0,226.0,99.0,225.0
image_578.jpg,127.0,42.0,121.0,37.0,133.0,36.0,112.0,40.0,142.0,39.0,94.0,63.0,163.0,63.0,100.0,86.0,167.0,94.0,123.0,73.0,140.0,83.0,106.0,123.0,147.0,124.0,99.0,181.0,157.0,180.0,96.0,235.0,165.0,234.0
image_579.jpg,143.0,42.0,137.0,38.0,148.0,38.0,131.0,43.0,153.0,44.0,115.0,65.0,169.0,63.0,82.0,90.0,203.0,88.0,109.0,110.0,178.0,109.0,127.0,119.0,159.0,118.0,122.0,177.0,165.0,179.0,122.0,229.0,164.0,228.0
image_580.jpg,132.0,59.0,139.0,52.0,125.0,51.0,148.0,57.0,115.0,54.0,154.0,108.0,95.0,105.0,159.0,175.0,92.0,169.0,124.0,185.0,40.0,234.0,140.0,223.0,100.0,217.0,138.0,257.0,98.0,251.0,165.0,244.0,167.0,244.0
image_585.jpg,165.0,47.0,172.0,40.0,158.0,38.0,179.0,45.0,148.0,40.0,188.0,96.0,134.0,92.0,200.0,161.0,139.0,164.0,153.0,152.0,185.0,156.0,182.0,199.0,147.0,201.0,184.0,257.0,137.0,250.0,183.0,259.0,133.0,262.0
image_586.jpg,132.0,48.0,115.0,41.0,141.0,41.0,102.0,47.0,152.0,47.0,81.0,82.0,171.0,80.0,25.0,130.0,239.0,127.0,69.0,161.0,192.0,156.0,102.0,169.0,160.0,168.0,111.0,255.0,162.0,255.0,109.0,268.0,162.0,261.0
image_587.jpg,130.0,33.0,126.0,24.0,134.0,27.0,114.0,26.0,137.0,30.0,82.0,50.0,148.0,50.0,47.0,74.0,190.0,73.0,76.0,99.0,158.0,96.0,100.0,116.0,139.0,114.0,109.0,165.0,131.0,166.0,123.0,210.0,109.0,212.0
image_588.jpg,132.0,33.0,121.0,29.0,142.0,29.0,114.0,30.0,141.0,30.0,102.0,49.0,154.0,49.0,62.0,83.0,194.0,86.0,88.0,106.0,170.0,106.0,108.0,113.0,146.0,113.0,93.0,168.0,143.0,176.0,81.0,228.0,135.0,230.0
image_591.jpg,117.0,83.0,123.0,76.0,111.0,76.0,128.0,80.0,105.0,80.0,139.0,114.0,96.0,119.0,139.0,174.0,84.0,170.0,112.0,169.0,121.0,166.0,126.0,214.0,98.0,212.0,125.0,256.0,97.0,253.0,125.0,256.0,103.0,263.0
image_592.jpg,100.0,51.0,96.0,47.0,104.0,47.0,92.0,52.0,108.0,52.0,85.0,78.0,114.0,77.0,88.0,105.0,113.0,107.0,97.0,106.0,105.0,115.0,91.0,136.0,109.0,135.0,90.0,184.0,106.0,184.0,91.0,231.0,106.0,234.0
image_593.jpg,95.0,92.0,107.0,80.0,84.0,78.0,119.0,86.0,68.0,83.0,134.0,147.0,53.0,156.0,150.0,201.0,56.0,224.0,208.0,213.0,122.0,246.0,144.0,251.0,86.0,254.0,149.0,253.0,58.0,258.0,136.0,255.0,156.0,254.0
image_594.jpg,136.0,39.0,122.0,35.0,140.0,35.0,113.0,40.0,142.0,40.0,104.0,65.0,159.0,63.0,71.0,89.0,193.0,89.0,98.0,111.0,165.0,110.0,114.0,125.0,151.0,126.0,113.0,183.0,149.0,183.0,113.0,231.0,148.0,232.0
image_595.jpg,130.0,80.0,136.0,72.0,123.0,72.0,143.0,76.0,115.0,76.0,154.0,120.0,101.0,122.0,155.0,172.0,88.0,173.0,155.0,205.0,100.0,209.0,143.0,209.0,111.0,210.0,149.0,251.0,111.0,250.0,148.0,257.0,110.0,268.0
image_597.jpg,135.0,66.0,139.0,60.0,130.0,60.0,144.0,62.0,125.0,62.0,153.0,89.0,114.0,93.0,147.0,137.0,106.0,132.0,117.0,136.0,135.0,135.0,139.0,165.0,118.0,164.0,137.0,234.0,122.0,233.0,135.0,257.0,124.0,255.0
image_598.jpg,119.0,44.0,124.0,40.0,113.0,40.0,129.0,44.0,103.0,44.0,134.0,67.0,94.0,68.0,148.0,92.0,78.0,98.0,168.0,77.0,88.0,119.0,134.0,127.0,105.0,127.0,151.0,171.0,97.0,175.0,157.0,219.0,105.0,225.0
image_599.jpg,122.0,31.0,116.0,25.0,128.0,24.0,107.0,31.0,139.0,31.0,84.0,56.0,166.0,55.0,82.0,98.0,164.0,93.0,82.0,126.0,169.0,122.0,104.0,118.0,147.0,116.0,109.0,183.0,145.0,179.0,112.0,235.0,144.0,231.0
image_600.jpg,122.0,31.0,116.0,25.0,128.0,24.0,107.0,31.0,139.0,31.0,84.0,56.0,166.0,55.0,82.0,98.0,164.0,93.0,82.0,126.0,169.0,122.0,104.0,118.0,147.0,116.0,109.0,183.0,145.0,179.0,112.0,235.0,144.0,231.0
image_601.jpg,128.0,46.0,121.0,41.0,136.0,42.0,116.0,44.0,142.0,45.0,103.0,64.0,153.0,65.0,68.0,85.0,191.0,90.0,90.0,108.0,168.0,111.0,111.0,121.0,143.0,120.0,112.0,177.0,145.0,178.0,116.0,234.0,145.0,237.0
image_602.jpg,88.0,77.0,82.0,72.0,94.0,73.0,77.0,77.0,98.0,78.0,69.0,111.0,104.0,114.0,63.0,159.0,107.0,160.0,59.0,196.0,115.0,202.0,75.0,188.0,98.0,188.0,78.0,251.0,96.0,250.0,4.0,258.0,1.0,261.0
image_603.jpg,127.0,32.0,114.0,28.0,136.0,27.0,110.0,31.0,143.0,30.0,100.0,52.0,157.0,49.0,61.0,81.0,193.0,78.0,93.0,102.0,166.0,102.0,110.0,108.0,147.0,109.0,96.0,157.0,154.0,171.0,83.0,221.0,156.0,223.0
image_604.jpg,127.0,37.0,123.0,30.0,133.0,32.0,113.0,35.0,138.0,38.0,85.0,62.0,153.0,59.0,58.0,93.0,186.0,90.0,80.0,116.0,158.0,113.0,104.0,126.0,144.0,126.0,109.0,184.0,139.0,183.0,116.0,231.0,137.0,234.0
image_605.jpg,139.0,34.0,130.0,28.0,148.0,28.0,126.0,32.0,157.0,32.0,108.0,53.0,170.0,58.0,59.0,73.0,213.0,82.0,97.0,92.0,173.0,94.0,112.0,123.0,151.0,125.0,99.0,173.0,139.0,180.0,94.0,225.0,125.0,230.0
image_606.jpg,173.0,70.0,181.0,61.0,165.0,61.0,189.0,70.0,157.0,69.0,199.0,120.0,143.0,125.0,192.0,202.0,131.0,192.0,138.0,185.0,164.0,192.0,185.0,246.0,147.0,246.0,8.0,215.0,143.0,254.0,2.0,218.0,1.0,216.0
image_607.jpg,151.0,44.0,145.0,39.0,154.0,40.0,129.0,42.0,153.0,43.0,117.0,64.0,141.0,67.0,75.0,85.0,207.0,88.0,106.0,108.0,175.0,102.0,146.0,130.0,138.0,131.0,152.0,182.0,148.0,182.0,140.0,227.0,169.0,225.0
image_608.jpg,73.0,57.0,78.0,47.0,62.0,49.0,81.0,51.0,47.0,55.0,86.0,104.0,50.0,112.0,96.0,169.0,85.0,198.0,109.0,176.0,108.0,175.0,88.0,244.0,63.0,246.0,90.0,256.0,62.0,254.0,80.0,266.0,52.0,266.0
image_609.jpg,124.0,61.0,107.0,57.0,139.0,54.0,104.0,63.0,151.0,60.0,92.0,98.0,181.0,94.0,31.0,136.0,242.0,132.0,78.0,170.0,197.0,168.0,104.0,196.0,166.0,198.0,107.0,254.0,160.0,254.0,107.0,257.0,161.0,258.0
image_611.jpg,115.0,45.0,114.0,40.0,127.0,40.0,116.0,42.0,144.0,42.0,93.0,66.0,167.0,66.0,49.0,92.0,210.0,95.0,82.0,116.0,175.0,117.0,101.0,128.0,150.0,129.0,93.0,184.0,149.0,185.0,87.0,233.0,146.0,230.0
image_612.jpg,209.0,70.0,215.0,60.0,201.0,64.0,226.0,65.0,194.0,71.0,237.0,121.0,188.0,121.0,234.0,180.0,175.0,199.0,217.0,187.0,214.0,186.0,223.0,233.0,192.0,232.0,228.0,256.0,192.0,254.0,228.0,263.0,188.0,269.0
image_615.jpg,156.0,61.0,164.0,51.0,147.0,51.0,173.0,57.0,136.0,57.0,197.0,116.0,115.0,124.0,203.0,185.0,107.0,224.0,195.0,209.0,173.0,212.0,184.0,253.0,136.0,253.0,48.0,252.0,68.0,251.0,50.0,64.0,52.0,63.0
image_616.jpg,125.0,38.0,117.0,34.0,130.0,34.0,109.0,36.0,130.0,34.0,93.0,55.0,146.0,54.0,53.0,80.0,180.0,80.0,79.0,101.0,158.0,99.0,100.0,112.0,133.0,113.0,105.0,170.0,128.0,171.0,98.0,216.0,121.0,218.0
image_617.jpg,130.0,36.0,122.0,32.0,136.0,32.0,116.0,34.0,141.0,34.0,99.0,57.0,156.0,55.0,75.0,77.0,180.0,77.0,99.0,97.0,157.0,98.0,110.0,119.0,146.0,117.0,112.0,163.0,147.0,163.0,114.0,209.0,146.0,211.0
image_618.jpg,64.0,61.0,67.0,55.0,57.0,58.0,74.0,57.0,52.0,63.0,82.0,91.0,48.0,93.0,86.0,143.0,46.0,138.0,56.0,145.0,51.0,99.0,73.0,172.0,51.0,173.0,70.0,249.0,55.0,250.0,67.0,271.0,55.0,268.0
image_619.jpg,90.0,62.0,92.0,60.0,88.0,60.0,96.0,62.0,84.0,63.0,100.0,79.0,80.0,80.0,102.0,101.0,77.0,104.0,104.0,124.0,82.0,128.0,99.0,125.0,87.0,126.0,93.0,165.0,88.0,165.0,90.0,198.0,87.0,201.0
image_620.jpg,132.0,22.0,126.0,17.0,138.0,16.0,120.0,23.0,145.0,23.0,98.0,51.0,167.0,50.0,61.0,82.0,213.0,79.0,96.0,100.0,177.0,100.0,116.0,115.0,156.0,116.0,119.0,178.0,153.0,179.0,128.0,236.0,147.0,237.0
image_621.jpg,119.0,53.0,127.0,47.0,111.0,47.0,138.0,54.0,100.0,54.0,157.0,96.0,79.0,98.0,160.0,143.0,67.0,144.0,88.0,138.0,130.0,141.0,148.0,193.0,98.0,196.0,148.0,253.0,110.0,254.0,146.0,247.0,119.0,246.0
image_622.jpg,118.0,80.0,110.0,75.0,122.0,75.0,105.0,81.0,125.0,80.0,99.0,114.0,131.0,114.0,80.0,153.0,146.0,155.0,90.0,179.0,140.0,181.0,106.0,184.0,127.0,185.0,107.0,239.0,125.0,238.0,105.0,257.0,122.0,267.0
image_623.jpg,128.0,130.0,135.0,124.0,121.0,124.0,144.0,129.0,110.0,128.0,159.0,153.0,94.0,160.0,189.0,180.0,97.0,188.0,139.0,187.0,131.0,188.0,155.0,252.0,108.0,246.0,180.0,224.0,103.0,222.0,175.0,261.0,149.0,262.0
image_624.jpg,194.0,60.0,186.0,56.0,200.0,55.0,176.0,62.0,204.0,62.0,167.0,112.0,214.0,104.0,163.0,170.0,217.0,157.0,163.0,219.0,202.0,147.0,178.0,185.0,205.0,185.0,178.0,253.0,200.0,251.0,165.0,227.0,170.0,226.0
image_626.jpg,133.0,61.0,138.0,56.0,128.0,55.0,143.0,58.0,123.0,58.0,152.0,88.0,111.0,90.0,153.0,144.0,111.0,142.0,126.0,173.0,117.0,176.0,145.0,165.0,120.0,166.0,140.0,242.0,126.0,243.0,140.0,254.0,129.0,253.0
image_630.jpg,133.0,35.0,127.0,29.0,140.0,29.0,117.0,33.0,147.0,34.0,98.0,62.0,165.0,61.0,100.0,96.0,165.0,101.0,121.0,91.0,149.0,93.0,107.0,127.0,145.0,128.0,104.0,184.0,144.0,185.0,101.0,238.0,144.0,238.0
image_634.jpg,129.0,33.0,135.0,29.0,124.0,29.0,143.0,31.0,117.0,31.0,158.0,57.0,101.0,57.0,195.0,79.0,65.0,79.0,171.0,101.0,91.0,101.0,146.0,123.0,108.0,122.0,146.0,177.0,105.0,176.0,150.0,227.0,99.0,225.0
image_635.jpg,127.0,42.0,121.0,37.0,133.0,36.0,112.0,40.0,142.0,39.0,94.0,63.0,163.0,63.0,100.0,86.0,167.0,94.0,123.0,73.0,140.0,83.0,106.0,123.0,147.0,124.0,99.0,181.0,157.0,180.0,96.0,235.0,165.0,234.0
image_636.jpg,135.0,37.0,131.0,33.0,140.0,32.0,126.0,37.0,146.0,37.0,111.0,60.0,164.0,60.0,105.0,94.0,166.0,95.0,99.0,124.0,172.0,123.0,124.0,117.0,151.0,118.0,119.0,169.0,150.0,170.0,118.0,221.0,153.0,221.0
image_637.jpg,126.0,45.0,132.0,41.0,121.0,41.0,141.0,45.0,115.0,44.0,148.0,68.0,114.0,70.0,179.0,90.0,119.0,96.0,164.0,120.0,114.0,116.0,147.0,133.0,121.0,134.0,157.0,181.0,125.0,178.0,158.0,227.0,132.0,222.0
image_638.jpg,128.0,35.0,134.0,30.0,122.0,31.0,141.0,33.0,112.0,35.0,155.0,61.0,97.0,60.0,175.0,94.0,47.0,80.0,171.0,126.0,84.0,96.0,142.0,125.0,105.0,124.0,161.0,172.0,103.0,175.0,168.0,227.0,107.0,222.0
image_639.jpg,143.0,67.0,150.0,61.0,136.0,62.0,160.0,64.0,127.0,67.0,181.0,97.0,110.0,98.0,192.0,140.0,101.0,136.0,193.0,176.0,100.0,174.0,169.0,174.0,123.0,176.0,166.0,243.0,120.0,244.0,164.0,254.0,120.0,253.0
image_640.jpg,99.0,56.0,94.0,52.0,103.0,53.0,87.0,57.0,106.0,58.0,78.0,83.0,107.0,86.0,72.0,124.0,111.0,126.0,67.0,157.0,117.0,162.0,81.0,155.0,103.0,156.0,73.0,213.0,99.0,215.0,67.0,251.0,99.0,252.0
image_641.jpg,137.0,37.0,131.0,32.0,144.0,33.0,128.0,35.0,151.0,37.0,114.0,57.0,163.0,59.0,73.0,83.0,205.0,82.0,101.0,106.0,178.0,101.0,121.0,112.0,158.0,112.0,100.0,166.0,154.0,171.0,73.0,218.0,140.0,222.0
image_642.jpg,107.0,48.0,113.0,43.0,101.0,44.0,121.0,48.0,94.0,49.0,139.0,70.0,80.0,75.0,147.0,104.0,75.0,106.0,143.0,134.0,65.0,136.0,119.0,129.0,84.0,132.0,137.0,179.0,91.0,193.0,125.0,227.0,104.0,231.0
image_643.jpg,130.0,25.0,136.0,20.0,124.0,21.0,144.0,23.0,117.0,24.0,160.0,54.0,103.0,54.0,170.0,89.0,96.0,87.0,179.0,117.0,89.0,115.0,157.0,118.0,116.0,119.0,166.0,172.0,109.0,172.0,170.0,221.0,103.0,222.0
image_644.jpg,137.0,36.0,132.0,30.0,144.0,31.0,123.0,36.0,150.0,39.0,106.0,61.0,164.0,61.0,66.0,88.0,206.0,86.0,98.0,107.0,170.0,105.0,116.0,120.0,148.0,120.0,130.0,176.0,147.0,181.0,137.0,223.0,141.0,235.0
image_645.jpg,123.0,42.0,117.0,37.0,131.0,37.0,110.0,42.0,137.0,42.0,94.0,73.0,155.0,69.0,89.0,108.0,162.0,107.0,86.0,136.0,164.0,134.0,108.0,138.0,143.0,139.0,114.0,181.0,139.0,180.0,120.0,223.0,131.0,225.0
image_646.jpg,128.0,37.0,134.0,33.0,123.0,33.0,142.0,37.0,116.0,36.0,157.0,65.0,99.0,67.0,168.0,95.0,90.0,97.0,167.0,121.0,93.0,124.0,148.0,129.0,112.0,131.0,148.0,176.0,107.0,177.0,151.0,216.0,107.0,220.0
image_647.jpg,127.0,34.0,133.0,28.0,121.0,30.0,144.0,30.0,115.0,33.0,159.0,62.0,101.0,59.0,164.0,95.0,86.0,89.0,168.0,124.0,73.0,118.0,143.0,124.0,107.0,122.0,141.0,175.0,101.0,174.0,147.0,221.0,99.0,223.0
image_648.jpg,128.0,61.0,132.0,57.0,123.0,55.0,135.0,58.0,114.0,55.0,136.0,78.0,102.0,77.0,145.0,102.0,72.0,101.0,149.0,98.0,95.0,112.0,138.0,136.0,116.0,136.0,130.0,182.0,120.0,181.0,124.0,222.0,110.0,227.0
image_649.jpg,103.0,32.0,110.0,30.0,109.0,29.0,120.0,36.0,126.0,36.0,100.0,55.0,154.0,58.0,65.0,86.0,188.0,85.0,86.0,112.0,165.0,110.0,108.0,122.0,145.0,122.0,102.0,178.0,151.0,176.0,94.0,233.0,160.0,233.0
image_650.jpg,114.0,44.0,119.0,40.0,109.0,40.0,126.0,41.0,101.0,42.0,141.0,66.0,85.0,66.0,156.0,97.0,73.0,99.0,133.0,100.0,96.0,103.0,130.0,126.0,96.0,128.0,118.0,172.0,102.0,176.0,124.0,223.0,108.0,224.0
image_652.jpg,126.0,31.0,120.0,25.0,133.0,25.0,115.0,29.0,139.0,29.0,100.0,49.0,154.0,50.0,67.0,79.0,192.0,76.0,88.0,100.0,166.0,100.0,110.0,110.0,147.0,110.0,116.0,177.0,147.0,176.0,125.0,238.0,143.0,238.0
image_653.jpg,124.0,68.0,129.0,64.0,120.0,65.0,138.0,66.0,118.0,68.0,153.0,85.0,105.0,85.0,148.0,114.0,99.0,111.0,137.0,137.0,102.0,133.0,140.0,139.0,113.0,139.0,139.0,173.0,114.0,171.0,142.0,209.0,119.0,201.0
image_654.jpg,106.0,52.0,111.0,47.0,96.0,45.0,112.0,52.0,75.0,50.0,123.0,91.0,58.0,89.0,139.0,139.0,44.0,140.0,156.0,177.0,44.0,185.0,121.0,180.0,77.0,180.0,119.0,249.0,78.0,251.0,119.0,266.0,79.0,266.0
image_655.jpg,131.0,75.0,124.0,70.0,139.0,71.0,119.0,75.0,144.0,75.0,106.0,99.0,154.0,97.0,97.0,131.0,164.0,130.0,98.0,153.0,166.0,155.0,117.0,159.0,146.0,158.0,120.0,195.0,144.0,195.0,120.0,234.0,143.0,232.0
image_656.jpg,177.0,79.0,183.0,77.0,174.0,74.0,187.0,81.0,164.0,75.0,194.0,100.0,146.0,101.0,201.0,116.0,143.0,130.0,200.0,134.0,141.0,138.0,187.0,152.0,159.0,153.0,185.0,196.0,165.0,194.0,189.0,225.0,175.0,224.0
image_657.jpg,111.0,26.0,116.0,21.0,105.0,23.0,125.0,23.0,97.0,28.0,147.0,51.0,89.0,52.0,157.0,86.0,46.0,78.0,163.0,116.0,77.0,97.0,143.0,117.0,104.0,118.0,146.0,175.0,105.0,178.0,147.0,228.0,108.0,231.0
image_658.jpg,154.0,41.0,149.0,36.0,155.0,37.0,136.0,36.0,153.0,38.0,108.0,62.0,171.0,58.0,109.0,99.0,171.0,97.0,107.0,133.0,183.0,128.0,127.0,127.0,159.0,128.0,127.0,176.0,161.0,175.0,119.0,228.0,157.0,229.0
image_659.jpg,126.0,49.0,119.0,43.0,131.0,43.0,112.0,49.0,139.0,48.0,94.0,71.0,156.0,71.0,59.0,99.0,194.0,99.0,93.0,113.0,161.0,112.0,107.0,127.0,144.0,128.0,95.0,182.0,160.0,181.0,85.0,232.0,174.0,228.0
image_660.jpg,138.0,29.0,141.0,27.0,133.0,24.0,141.0,30.0,120.0,27.0,147.0,57.0,105.0,55.0,169.0,86.0,117.0,88.0,154.0,88.0,149.0,88.0,148.0,121.0,119.0,121.0,147.0,166.0,110.0,169.0,144.0,217.0,102.0,229.0
image_661.jpg,130.0,36.0,124.0,31.0,136.0,31.0,117.0,36.0,143.0,36.0,98.0,59.0,159.0,59.0,91.0,97.0,163.0,98.0,87.0,125.0,162.0,126.0,108.0,118.0,144.0,119.0,96.0,177.0,145.0,176.0,87.0,227.0,148.0,226.0
image_662.jpg,142.0,29.0,148.0,25.0,136.0,24.0,156.0,27.0,127.0,26.0,173.0,57.0,108.0,57.0,182.0,94.0,100.0,93.0,185.0,129.0,96.0,127.0,159.0,126.0,119.0,125.0,161.0,177.0,109.0,179.0,152.0,220.0,110.0,229.0
image_663.jpg,128.0,60.0,132.0,56.0,123.0,56.0,139.0,59.0,115.0,59.0,149.0,81.0,103.0,80.0,156.0,108.0,90.0,107.0,121.0,108.0,124.0,109.0,139.0,130.0,108.0,131.0,127.0,183.0,106.0,182.0,117.0,225.0,139.0,222.0
image_664.jpg,124.0,49.0,132.0,41.0,114.0,43.0,146.0,44.0,104.0,50.0,178.0,85.0,92.0,92.0,205.0,139.0,84.0,140.0,205.0,186.0,97.0,177.0,187.0,186.0,123.0,191.0,188.0,254.0,134.0,253.0,189.0,265.0,133.0,259.0
image_665.jpg,125.0,78.0,129.0,74.0,121.0,74.0,137.0,76.0,115.0,77.0,151.0,94.0,102.0,97.0,184.0,112.0,72.0,116.0,164.0,132.0,95.0,131.0,146.0,147.0,113.0,148.0,151.0,191.0,108.0,192.0,159.0,232.0,104.0,233.0
image_666.jpg,195.0,121.0,199.0,117.0,192.0,118.0,204.0,121.0,187.0,121.0,208.0,147.0,181.0,147.0,204.0,178.0,175.0,177.0,186.0,184.0,180.0,183.0,201.0,201.0,186.0,202.0,202.0,244.0,186.0,243.0,203.0,264.0,188.0,263.0
image_667.jpg,130.0,82.0,119.0,77.0,136.0,79.0,113.0,81.0,139.0,82.0,101.0,104.0,149.0,104.0,92.0,131.0,161.0,139.0,91.0,155.0,159.0,160.0,110.0,164.0,140.0,167.0,113.0,201.0,139.0,200.0,114.0,237.0,134.0,238.0
image_668.jpg,130.0,82.0,119.0,77.0,136.0,79.0,113.0,81.0,139.0,82.0,101.0,104.0,149.0,104.0,92.0,131.0,161.0,139.0,91.0,155.0,159.0,160.0,110.0,164.0,140.0,167.0,113.0,201.0,139.0,200.0,114.0,237.0,134.0,238.0
image_669.jpg,118.0,40.0,114.0,36.0,127.0,36.0,113.0,38.0,143.0,38.0,86.0,64.0,168.0,65.0,72.0,102.0,173.0,101.0,70.0,130.0,169.0,129.0,97.0,128.0,145.0,130.0,87.0,181.0,143.0,183.0,81.0,231.0,140.0,229.0
image_670.jpg,131.0,38.0,121.0,33.0,137.0,33.0,113.0,36.0,142.0,35.0,100.0,60.0,159.0,57.0,64.0,81.0,198.0,82.0,89.0,105.0,174.0,105.0,109.0,121.0,150.0,121.0,115.0,177.0,145.0,179.0,121.0,227.0,141.0,225.0
image_671.jpg,119.0,31.0,110.0,27.0,129.0,26.0,107.0,31.0,137.0,31.0,95.0,56.0,151.0,52.0,74.0,87.0,176.0,85.0,100.0,87.0,146.0,90.0,103.0,120.0,142.0,120.0,107.0,178.0,135.0,180.0,113.0,238.0,131.0,237.0
image_672.jpg,110.0,72.0,113.0,70.0,106.0,70.0,118.0,72.0,101.0,74.0,127.0,85.0,94.0,89.0,139.0,101.0,89.0,108.0,133.0,110.0,99.0,109.0,130.0,126.0,106.0,129.0,131.0,163.0,112.0,165.0,133.0,194.0,122.0,194.0
image_673.jpg,92.0,36.0,96.0,32.0,87.0,34.0,105.0,34.0,82.0,38.0,119.0,64.0,74.0,65.0,123.0,97.0,63.0,100.0,132.0,126.0,67.0,129.0,117.0,122.0,88.0,123.0,120.0,173.0,82.0,175.0,105.0,219.0,84.0,225.0
image_674.jpg,132.0,37.0,139.0,32.0,126.0,32.0,149.0,37.0,120.0,36.0,166.0,62.0,104.0,61.0,173.0,102.0,98.0,95.0,162.0,135.0,94.0,125.0,149.0,126.0,111.0,124.0,149.0,182.0,106.0,181.0,148.0,227.0,102.0,226.0
image_675.jpg,121.0,34.0,127.0,30.0,116.0,30.0,134.0,33.0,108.0,33.0,148.0,61.0,89.0,59.0,155.0,98.0,77.0,91.0,157.0,130.0,71.0,124.0,134.0,122.0,95.0,123.0,129.0,175.0,95.0,173.0,120.0,224.0,98.0,224.0
image_676.jpg,141.0,33.0,147.0,29.0,138.0,30.0,160.0,32.0,137.0,33.0,170.0,60.0,125.0,62.0,156.0,90.0,118.0,94.0,121.0,90.0,96.0,88.0,158.0,131.0,127.0,130.0,159.0,182.0,128.0,181.0,155.0,229.0,137.0,228.0
image_677.jpg,129.0,32.0,134.0,28.0,124.0,28.0,141.0,31.0,119.0,32.0,154.0,55.0,108.0,56.0,159.0,91.0,94.0,88.0,121.0,94.0,132.0,92.0,143.0,120.0,110.0,119.0,147.0,174.0,111.0,175.0,156.0,226.0,108.0,225.0
image_678.jpg,121.0,31.0,111.0,27.0,129.0,26.0,106.0,31.0,135.0,30.0,93.0,56.0,151.0,54.0,67.0,86.0,175.0,86.0,93.0,89.0,145.0,93.0,102.0,122.0,141.0,120.0,106.0,181.0,136.0,178.0,110.0,239.0,131.0,234.0
image_679.jpg,104.0,97.0,107.0,94.0,101.0,94.0,112.0,97.0,95.0,98.0,119.0,116.0,87.0,117.0,126.0,140.0,79.0,141.0,130.0,161.0,79.0,163.0,116.0,161.0,95.0,161.0,116.0,197.0,98.0,198.0,114.0,232.0,101.0,234.0
image_680.jpg,135.0,105.0,137.0,103.0,132.0,103.0,141.0,105.0,127.0,107.0,148.0,121.0,119.0,122.0,156.0,140.0,115.0,139.0,161.0,156.0,120.0,156.0,147.0,156.0,128.0,158.0,145.0,187.0,132.0,185.0,143.0,212.0,129.0,209.0
image_681.jpg,105.0,34.0,111.0,28.0,100.0,29.0,122.0,27.0,94.0,30.0,142.0,54.0,80.0,55.0,181.0,80.0,45.0,82.0,156.0,101.0,71.0,104.0,136.0,127.0,92.0,128.0,156.0,181.0,84.0,185.0,180.0,229.0,76.0,230.0
image_682.jpg,113.0,36.0,112.0,32.0,120.0,32.0,116.0,36.0,140.0,37.0,105.0,62.0,154.0,64.0,100.0,99.0,170.0,96.0,132.0,118.0,146.0,115.0,117.0,131.0,145.0,132.0,121.0,180.0,147.0,179.0,123.0,230.0,147.0,225.0
image_683.jpg,127.0,85.0,130.0,83.0,124.0,83.0,135.0,85.0,117.0,85.0,143.0,101.0,110.0,103.0,155.0,121.0,101.0,122.0,156.0,136.0,100.0,137.0,136.0,143.0,116.0,143.0,134.0,167.0,121.0,167.0,131.0,194.0,124.0,193.0
image_684.jpg,170.0,44.0,175.0,40.0,164.0,40.0,183.0,44.0,156.0,44.0,199.0,72.0,141.0,70.0,212.0,104.0,126.0,95.0,220.0,133.0,138.0,100.0,186.0,125.0,149.0,126.0,179.0,177.0,155.0,176.0,172.0,223.0,156.0,228.0
image_685.jpg,115.0,54.0,119.0,49.0,109.0,51.0,125.0,52.0,101.0,55.0,134.0,75.0,90.0,74.0,138.0,107.0,65.0,100.0,142.0,131.0,86.0,110.0,126.0,133.0,101.0,133.0,122.0,171.0,105.0,172.0,114.0,211.0,110.0,215.0
image_686.jpg,115.0,23.0,121.0,17.0,106.0,19.0,130.0,21.0,92.0,27.0,151.0,50.0,77.0,54.0,187.0,72.0,20.0,73.0,152.0,91.0,68.0,93.0,137.0,114.0,89.0,115.0,153.0,175.0,87.0,168.0,176.0,228.0,97.0,223.0
image_688.jpg,115.0,77.0,110.0,73.0,124.0,73.0,109.0,77.0,133.0,78.0,95.0,102.0,146.0,99.0,90.0,134.0,157.0,133.0,89.0,158.0,161.0,154.0,110.0,167.0,141.0,167.0,113.0,198.0,141.0,197.0,117.0,236.0,138.0,237.0
image_689.jpg,122.0,28.0,129.0,24.0,117.0,21.0,132.0,27.0,106.0,22.0,146.0,55.0,93.0,45.0,148.0,92.0,67.0,72.0,153.0,130.0,94.0,45.0,129.0,113.0,92.0,112.0,123.0,180.0,100.0,178.0,118.0,224.0,125.0,218.0
image_690.jpg,174.0,28.0,168.0,24.0,171.0,24.0,148.0,30.0,164.0,29.0,130.0,58.0,173.0,59.0,127.0,88.0,171.0,96.0,141.0,112.0,184.0,129.0,134.0,125.0,163.0,128.0,130.0,172.0,160.0,173.0,115.0,224.0,156.0,220.0
image_691.jpg,134.0,53.0,140.0,48.0,128.0,48.0,148.0,51.0,120.0,50.0,158.0,72.0,109.0,76.0,184.0,99.0,103.0,109.0,158.0,115.0,130.0,114.0,157.0,128.0,122.0,131.0,150.0,177.0,128.0,182.0,147.0,217.0,129.0,229.0
image_692.jpg,109.0,32.0,118.0,25.0,101.0,27.0,136.0,28.0,94.0,34.0,166.0,64.0,82.0,67.0,228.0,100.0,24.0,96.0,177.0,131.0,60.0,121.0,142.0,159.0,92.0,155.0,134.0,239.0,90.0,239.0,138.0,251.0,92.0,246.0
image_693.jpg,142.0,37.0,147.0,30.0,134.0,31.0,154.0,33.0,121.0,36.0,164.0,65.0,107.0,68.0,170.0,106.0,103.0,111.0,178.0,140.0,107.0,152.0,158.0,145.0,127.0,145.0,145.0,211.0,130.0,209.0,127.0,253.0,121.0,252.0
image_697.jpg,110.0,38.0,110.0,32.0,96.0,35.0,110.0,40.0,75.0,54.0,145.0,92.0,49.0,98.0,168.0,143.0,44.0,156.0,190.0,126.0,89.0,134.0,147.0,203.0,87.0,212.0,180.0,255.0,83.0,242.0,176.0,265.0,90.0,245.0
image_700.jpg,84.0,79.0,95.0,66.0,74.0,67.0,111.0,71.0,63.0,72.0,139.0,138.0,40.0,135.0,143.0,225.0,36.0,211.0,71.0,234.0,111.0,197.0,122.0,255.0,60.0,252.0,142.0,229.0,58.0,258.0,63.0,259.0,63.0,258.0
image_706.jpg,151.0,62.0,159.0,54.0,143.0,54.0,172.0,59.0,131.0,59.0,199.0,107.0,106.0,108.0,198.0,166.0,98.0,169.0,123.0,153.0,173.0,158.0,182.0,247.0,121.0,236.0,188.0,256.0,113.0,251.0,188.0,265.0,183.0,262.0
image_708.jpg,121.0,72.0,128.0,59.0,108.0,59.0,136.0,65.0,90.0,70.0,155.0,150.0,71.0,160.0,171.0,226.0,66.0,236.0,192.0,143.0,198.0,145.0,148.0,258.0,103.0,254.0,221.0,161.0,221.0,161.0,221.0,174.0,221.0,175.0
image_709.jpg,128.0,72.0,138.0,61.0,118.0,60.0,150.0,61.0,104.0,61.0,177.0,130.0,73.0,127.0,196.0,222.0,59.0,217.0,194.0,255.0,59.0,256.0,158.0,257.0,96.0,252.0,196.0,226.0,61.0,228.0,108.0,270.0,143.0,267.0
image_710.jpg,124.0,110.0,138.0,96.0,108.0,98.0,160.0,103.0,84.0,108.0,225.0,171.0,45.0,187.0,251.0,255.0,8.0,251.0,251.0,257.0,78.0,100.0,209.0,262.0,88.0,261.0,234.0,172.0,106.0,131.0,141.0,172.0,254.0,257.0
image_715.jpg,91.0,66.0,101.0,57.0,82.0,57.0,113.0,62.0,70.0,62.0,143.0,116.0,50.0,119.0,164.0,183.0,40.0,186.0,121.0,194.0,44.0,214.0,130.0,251.0,71.0,249.0,137.0,255.0,63.0,251.0,135.0,272.0,119.0,266.0
image_719.jpg,148.0,57.0,152.0,51.0,143.0,52.0,159.0,54.0,138.0,57.0,171.0,95.0,130.0,95.0,174.0,145.0,122.0,138.0,151.0,162.0,138.0,157.0,162.0,189.0,135.0,187.0,159.0,249.0,134.0,248.0,160.0,267.0,133.0,266.0
image_721.jpg,125.0,115.0,144.0,94.0,110.0,92.0,164.0,115.0,86.0,108.0,196.0,232.0,71.0,234.0,218.0,251.0,15.0,114.0,218.0,258.0,20.0,100.0,201.0,258.0,65.0,257.0,211.0,232.0,43.0,250.0,143.0,148.0,114.0,7.0
image_722.jpg,88.0,30.0,92.0,25.0,83.0,27.0,101.0,25.0,79.0,31.0,119.0,56.0,76.0,52.0,131.0,90.0,59.0,71.0,117.0,122.0,67.0,49.0,106.0,126.0,78.0,124.0,111.0,177.0,75.0,178.0,111.0,227.0,78.0,227.0
image_723.jpg,119.0,75.0,127.0,69.0,117.0,68.0,144.0,75.0,122.0,72.0,159.0,128.0,103.0,121.0,175.0,193.0,91.0,183.0,150.0,234.0,90.0,231.0,142.0,238.0,107.0,234.0,144.0,258.0,93.0,256.0,34.0,253.0,93.0,258.0
image_724.jpg,153.0,68.0,162.0,58.0,143.0,58.0,174.0,68.0,131.0,70.0,196.0,146.0,114.0,136.0,207.0,225.0,105.0,212.0,206.0,251.0,73.0,164.0,179.0,256.0,127.0,253.0,43.0,213.0,40.0,214.0,37.0,249.0,34.0,249.0
image_725.jpg,163.0,74.0,178.0,68.0,158.0,58.0,189.0,69.0,136.0,43.0,193.0,105.0,79.0,103.0,237.0,167.0,26.0,155.0,203.0,89.0,44.0,208.0,187.0,247.0,107.0,249.0,208.0,251.0,90.0,251.0,175.0,272.0,128.0,269.0
image_728.jpg,84.0,55.0,94.0,46.0,76.0,43.0,104.0,55.0,64.0,48.0,116.0,124.0,34.0,118.0,116.0,215.0,28.0,215.0,88.0,206.0,84.0,208.0,100.0,253.0,49.0,250.0,115.0,243.0,24.0,253.0,0.0,263.0,79.0,260.0
image_738.jpg,138.0,46.0,144.0,40.0,132.0,38.0,151.0,47.0,123.0,44.0,161.0,95.0,105.0,95.0,182.0,160.0,80.0,153.0,155.0,141.0,98.0,202.0,154.0,221.0,117.0,222.0,157.0,257.0,120.0,251.0,156.0,258.0,119.0,272.0
image_739.jpg,128.0,70.0,137.0,59.0,118.0,60.0,150.0,57.0,105.0,61.0,183.0,104.0,75.0,104.0,206.0,172.0,58.0,176.0,165.0,172.0,107.0,175.0,167.0,251.0,96.0,250.0,184.0,253.0,77.0,252.0,187.0,263.0,177.0,259.0
image_740.jpg,155.0,55.0,163.0,47.0,146.0,46.0,173.0,53.0,133.0,52.0,194.0,103.0,107.0,96.0,205.0,167.0,95.0,154.0,180.0,154.0,141.0,145.0,180.0,218.0,122.0,220.0,182.0,256.0,123.0,251.0,179.0,257.0,125.0,265.0
image_746.jpg,129.0,58.0,137.0,50.0,121.0,52.0,151.0,60.0,113.0,61.0,170.0,126.0,91.0,118.0,168.0,216.0,73.0,188.0,105.0,217.0,143.0,186.0,146.0,252.0,94.0,249.0,6.0,250.0,47.0,243.0,47.0,244.0,46.0,246.0
image_752.jpg,62.0,57.0,71.0,47.0,56.0,49.0,93.0,51.0,55.0,54.0,120.0,135.0,46.0,128.0,131.0,215.0,17.0,207.0,131.0,252.0,38.0,118.0,101.0,256.0,56.0,252.0,22.0,222.0,20.0,224.0,-4.0,270.0,82.0,272.0
image_753.jpg,97.0,69.0,101.0,67.0,94.0,67.0,105.0,70.0,86.0,70.0,116.0,86.0,74.0,87.0,128.0,108.0,62.0,109.0,124.0,130.0,58.0,133.0,109.0,133.0,85.0,132.0,106.0,167.0,89.0,165.0,97.0,193.0,90.0,199.0
image_754.jpg,142.0,119.0,147.0,112.0,136.0,113.0,154.0,113.0,128.0,114.0,160.0,156.0,114.0,161.0,169.0,197.0,105.0,203.0,174.0,226.0,105.0,225.0,156.0,240.0,120.0,241.0,43.0,231.0,114.0,253.0,42.0,234.0,42.0,233.0
image_755.jpg,125.0,103.0,144.0,88.0,120.0,88.0,185.0,99.0,123.0,94.0,233.0,217.0,96.0,210.0,253.0,251.0,141.0,20.0,161.0,146.0,10.0,147.0,238.0,256.0,59.0,236.0,141.0,149.0,93.0,218.0,133.0,174.0,162.0,165.0
image_756.jpg,138.0,111.0,148.0,96.0,125.0,97.0,159.0,108.0,110.0,109.0,184.0,211.0,84.0,214.0,186.0,252.0,58.0,169.0,153.0,177.0,63.0,148.0,202.0,258.0,86.0,258.0,187.0,217.0,82.0,219.0,136.0,151.0,153.0,108.0
image_760.jpg,143.0,41.0,158.0,43.0,138.0,33.0,168.0,60.0,121.0,43.0,165.0,94.0,87.0,81.0,200.0,137.0,30.0,83.0,190.0,68.0,90.0,35.0,134.0,205.0,81.0,203.0,166.0,199.0,82.0,202.0,129.0,258.0,124.0,258.0
image_761.jpg,143.0,83.0,148.0,78.0,140.0,75.0,148.0,75.0,123.0,66.0,146.0,101.0,82.0,85.0,147.0,146.0,73.0,130.0,160.0,188.0,105.0,99.0,124.0,177.0,82.0,175.0,126.0,235.0,77.0,237.0,118.0,258.0,2.0,261.0
image_762.jpg,162.0,101.0,169.0,92.0,155.0,92.0,181.0,87.0,147.0,87.0,194.0,130.0,140.0,127.0,197.0,184.0,139.0,168.0,186.0,143.0,136.0,198.0,182.0,215.0,149.0,215.0,187.0,254.0,128.0,219.0,4.0,143.0,139.0,259.0
image_763.jpg,147.0,61.0,157.0,49.0,133.0,49.0,167.0,54.0,109.0,54.0,187.0,101.0,78.0,107.0,224.0,173.0,10.0,143.0,206.0,132.0,63.0,183.0,185.0,248.0,112.0,249.0,181.0,256.0,106.0,216.0,197.0,270.0,105.0,270.0
image_764.jpg,64.0,92.0,75.0,73.0,44.0,74.0,80.0,72.0,5.0,73.0,68.0,135.0,0.0,173.0,137.0,198.0,4.0,248.0,87.0,137.0,79.0,245.0,120.0,254.0,18.0,261.0,138.0,229.0,78.0,243.0,80.0,132.0,77.0,131.0
image_779.jpg,118.0,66.0,136.0,54.0,100.0,55.0,161.0,68.0,76.0,70.0,195.0,123.0,56.0,147.0,210.0,98.0,42.0,158.0,212.0,99.0,60.0,65.0,182.0,254.0,93.0,253.0,212.0,104.0,45.0,159.0,124.0,98.0,137.0,68.0
image_785.jpg,123.0,59.0,135.0,48.0,112.0,49.0,153.0,53.0,99.0,54.0,186.0,105.0,73.0,106.0,194.0,183.0,55.0,170.0,184.0,165.0,63.0,213.0,165.0,247.0,93.0,246.0,174.0,253.0,78.0,249.0,177.0,269.0,123.0,266.0
image_787.jpg,159.0,45.0,159.0,35.0,137.0,45.0,164.0,38.0,112.0,71.0,175.0,96.0,122.0,132.0,182.0,159.0,162.0,223.0,184.0,193.0,182.0,225.0,150.0,206.0,97.0,250.0,167.0,227.0,168.0,247.0,168.0,254.0,153.0,256.0
image_788.jpg,130.0,102.0,143.0,94.0,119.0,80.0,146.0,110.0,92.0,80.0,154.0,193.0,50.0,178.0,199.0,225.0,34.0,250.0,196.0,222.0,34.0,215.0,143.0,263.0,63.0,260.0,169.0,225.0,165.0,222.0,176.0,220.0,156.0,261.0
image_789.jpg,127.0,21.0,121.0,8.0,132.0,12.0,109.0,22.0,138.0,17.0,161.0,166.0,109.0,113.0,164.0,172.0,109.0,174.0,161.0,140.0,115.0,151.0,134.0,189.0,115.0,189.0,136.0,157.0,123.0,158.0,162.0,169.0,141.0,168.0
image_790.jpg,141.0,54.0,149.0,43.0,124.0,42.0,156.0,49.0,89.0,53.0,181.0,99.0,72.0,135.0,239.0,162.0,63.0,209.0,166.0,120.0,112.0,222.0,202.0,228.0,129.0,248.0,210.0,228.0,82.0,254.0,188.0,265.0,88.0,257.0
image_791.jpg,111.0,66.0,115.0,59.0,104.0,59.0,118.0,62.0,95.0,61.0,130.0,105.0,71.0,106.0,145.0,160.0,73.0,161.0,114.0,178.0,106.0,181.0,125.0,213.0,90.0,212.0,126.0,253.0,93.0,251.0,126.0,262.0,123.0,259.0
image_792.jpg,83.0,105.0,90.0,86.0,68.0,93.0,98.0,86.0,54.0,105.0,133.0,157.0,41.0,192.0,134.0,250.0,34.0,251.0,110.0,164.0,23.0,148.0,131.0,260.0,85.0,263.0,135.0,161.0,83.0,135.0,92.0,132.0,87.0,134.0
image_793.jpg,123.0,72.0,133.0,64.0,114.0,65.0,147.0,79.0,103.0,80.0,164.0,153.0,97.0,150.0,193.0,227.0,92.0,219.0,190.0,152.0,93.0,256.0,151.0,260.0,103.0,256.0,194.0,241.0,96.0,230.0,254.0,258.0,255.0,259.0
image_794.jpg,120.0,115.0,129.0,109.0,114.0,107.0,136.0,117.0,101.0,111.0,145.0,164.0,77.0,165.0,161.0,170.0,54.0,150.0,145.0,156.0,54.0,145.0,132.0,252.0,95.0,254.0,168.0,173.0,57.0,167.0,209.0,230.0,50.0,236.0
image_797.jpg,134.0,63.0,141.0,59.0,132.0,59.0,152.0,67.0,133.0,63.0,161.0,92.0,119.0,96.0,158.0,126.0,98.0,133.0,131.0,101.0,87.0,94.0,138.0,151.0,112.0,154.0,101.0,218.0,104.0,225.0,107.0,237.0,120.0,253.0
image_798.jpg,160.0,103.0,177.0,98.0,155.0,86.0,190.0,105.0,135.0,78.0,206.0,123.0,97.0,129.0,244.0,161.0,76.0,192.0,222.0,186.0,72.0,161.0,211.0,225.0,130.0,229.0,231.0,251.0,115.0,252.0,218.0,199.0,140.0,266.0
image_799.jpg,126.0,124.0,134.0,110.0,112.0,109.0,139.0,116.0,81.0,121.0,131.0,218.0,66.0,219.0,199.0,238.0,199.0,239.0,197.0,254.0,63.0,145.0,181.0,262.0,69.0,262.0,135.0,256.0,111.0,167.0,200.0,251.0,201.0,252.0
image_800.jpg,120.0,102.0,131.0,88.0,104.0,84.0,137.0,102.0,80.0,105.0,146.0,152.0,60.0,218.0,157.0,253.0,106.0,22.0,134.0,224.0,106.0,25.0,145.0,261.0,141.0,260.0,149.0,251.0,106.0,167.0,112.0,153.0,138.0,231.0
image_804.jpg,72.0,56.0,78.0,48.0,64.0,47.0,83.0,49.0,50.0,48.0,75.0,89.0,50.0,97.0,78.0,145.0,35.0,158.0,77.0,187.0,42.0,206.0,83.0,189.0,66.0,192.0,82.0,253.0,69.0,253.0,81.0,272.0,65.0,267.0
image_811.jpg,155.0,68.0,149.0,59.0,161.0,59.0,141.0,68.0,169.0,66.0,131.0,108.0,182.0,107.0,108.0,159.0,207.0,162.0,122.0,196.0,190.0,198.0,141.0,212.0,172.0,213.0,134.0,253.0,175.0,250.0,136.0,259.0,171.0,260.0
image_812.jpg,172.0,44.0,180.0,38.0,166.0,38.0,190.0,45.0,161.0,43.0,203.0,94.0,149.0,100.0,201.0,153.0,140.0,161.0,152.0,144.0,185.0,165.0,191.0,201.0,159.0,200.0,193.0,259.0,156.0,252.0,192.0,259.0,161.0,269.0
image_814.jpg,128.0,38.0,121.0,33.0,134.0,32.0,112.0,38.0,141.0,38.0,94.0,59.0,158.0,58.0,57.0,89.0,198.0,91.0,92.0,107.0,160.0,105.0,107.0,114.0,146.0,114.0,101.0,177.0,158.0,179.0,99.0,231.0,166.0,231.0
image_816.jpg,137.0,57.0,146.0,51.0,128.0,49.0,155.0,59.0,115.0,53.0,172.0,97.0,86.0,94.0,185.0,145.0,70.0,143.0,182.0,176.0,60.0,187.0,157.0,209.0,100.0,208.0,172.0,256.0,87.0,254.0,163.0,256.0,102.0,258.0
image_817.jpg,178.0,59.0,188.0,48.0,91.0,72.0,71.0,80.0,101.0,79.0,65.0,123.0,131.0,122.0,57.0,178.0,133.0,179.0,202.0,205.0,192.0,206.0,78.0,209.0,105.0,208.0,72.0,254.0,101.0,250.0,55.0,259.0,72.0,65.0
image_819.jpg,148.0,107.0,155.0,97.0,140.0,97.0,162.0,101.0,127.0,101.0,162.0,142.0,101.0,153.0,181.0,149.0,89.0,219.0,168.0,119.0,116.0,119.0,140.0,250.0,114.0,253.0,143.0,177.0,143.0,190.0,148.0,163.0,178.0,22.0
image_823.jpg,129.0,29.0,134.0,25.0,123.0,25.0,142.0,29.0,115.0,28.0,158.0,58.0,99.0,58.0,165.0,93.0,94.0,94.0,168.0,128.0,93.0,126.0,145.0,121.0,112.0,123.0,143.0,177.0,114.0,178.0,135.0,224.0,121.0,217.0
image_824.jpg,127.0,45.0,132.0,40.0,122.0,40.0,139.0,44.0,117.0,44.0,152.0,62.0,100.0,62.0,187.0,85.0,68.0,85.0,163.0,104.0,92.0,103.0,140.0,125.0,109.0,124.0,130.0,164.0,113.0,163.0,134.0,208.0,121.0,206.0
image_825.jpg,111.0,46.0,116.0,41.0,108.0,43.0,129.0,41.0,110.0,45.0,153.0,62.0,97.0,64.0,171.0,93.0,76.0,91.0,159.0,118.0,83.0,117.0,137.0,129.0,106.0,129.0,137.0,178.0,109.0,177.0,146.0,213.0,118.0,211.0
image_826.jpg,144.0,44.0,132.0,39.0,155.0,36.0,120.0,43.0,158.0,41.0,108.0,66.0,176.0,62.0,69.0,88.0,221.0,86.0,102.0,112.0,187.0,108.0,126.0,132.0,169.0,133.0,133.0,186.0,166.0,183.0,140.0,235.0,162.0,230.0
image_827.jpg,159.0,40.0,154.0,35.0,156.0,36.0,133.0,35.0,148.0,37.0,107.0,56.0,162.0,56.0,71.0,85.0,201.0,85.0,101.0,106.0,170.0,108.0,117.0,121.0,152.0,121.0,112.0,180.0,154.0,180.0,108.0,230.0,154.0,233.0
image_828.jpg,159.0,40.0,154.0,35.0,156.0,36.0,133.0,35.0,148.0,37.0,107.0,56.0,162.0,56.0,71.0,85.0,201.0,85.0,101.0,106.0,170.0,108.0,117.0,121.0,152.0,121.0,112.0,180.0,154.0,180.0,108.0,230.0,154.0,233.0
image_829.jpg,141.0,38.0,147.0,35.0,136.0,34.0,154.0,38.0,127.0,36.0,168.0,64.0,111.0,65.0,205.0,84.0,100.0,95.0,177.0,104.0,97.0,125.0,157.0,125.0,123.0,125.0,153.0,174.0,128.0,172.0,144.0,222.0,127.0,225.0
image_830.jpg,117.0,38.0,124.0,33.0,110.0,32.0,135.0,35.0,102.0,35.0,155.0,61.0,86.0,63.0,166.0,98.0,49.0,90.0,171.0,129.0,84.0,107.0,150.0,129.0,112.0,131.0,169.0,176.0,116.0,174.0,149.0,224.0,123.0,224.0
image_831.jpg,127.0,27.0,135.0,21.0,121.0,22.0,145.0,25.0,113.0,25.0,163.0,55.0,94.0,55.0,174.0,96.0,88.0,96.0,172.0,131.0,94.0,131.0,151.0,122.0,112.0,122.0,146.0,181.0,117.0,179.0,138.0,227.0,128.0,230.0
image_832.jpg,145.0,55.0,149.0,50.0,140.0,51.0,157.0,53.0,133.0,57.0,166.0,74.0,122.0,77.0,199.0,62.0,110.0,102.0,200.0,33.0,97.0,124.0,142.0,130.0,115.0,127.0,124.0,176.0,103.0,173.0,135.0,221.0,104.0,223.0
image_833.jpg,162.0,57.0,168.0,53.0,158.0,51.0,178.0,56.0,150.0,53.0,191.0,79.0,135.0,79.0,194.0,105.0,125.0,105.0,149.0,106.0,155.0,106.0,165.0,137.0,134.0,133.0,141.0,185.0,132.0,186.0,114.0,221.0,146.0,220.0
image_834.jpg,130.0,33.0,126.0,24.0,134.0,27.0,114.0,26.0,137.0,30.0,82.0,50.0,148.0,50.0,47.0,74.0,190.0,73.0,76.0,99.0,158.0,96.0,100.0,116.0,139.0,114.0,109.0,165.0,131.0,166.0,123.0,210.0,109.0,212.0
image_835.jpg,129.0,53.0,139.0,46.0,121.0,45.0,152.0,50.0,111.0,49.0,178.0,87.0,92.0,93.0,206.0,130.0,83.0,141.0,199.0,176.0,93.0,181.0,178.0,184.0,117.0,185.0,176.0,255.0,127.0,254.0,175.0,259.0,127.0,258.0
image_836.jpg,158.0,40.0,165.0,35.0,152.0,35.0,176.0,40.0,145.0,38.0,198.0,64.0,124.0,64.0,208.0,100.0,114.0,89.0,171.0,120.0,129.0,117.0,179.0,129.0,137.0,128.0,166.0,176.0,143.0,178.0,174.0,234.0,144.0,230.0
image_837.jpg,126.0,37.0,132.0,33.0,122.0,31.0,138.0,38.0,115.0,34.0,152.0,60.0,92.0,59.0,167.0,98.0,76.0,98.0,165.0,128.0,86.0,131.0,144.0,125.0,107.0,128.0,169.0,176.0,88.0,180.0,191.0,224.0,70.0,223.0
image_838.jpg,108.0,35.0,115.0,29.0,106.0,30.0,130.0,29.0,107.0,30.0,148.0,59.0,95.0,56.0,148.0,95.0,68.0,81.0,151.0,126.0,51.0,55.0,129.0,119.0,97.0,119.0,136.0,175.0,85.0,169.0,140.0,231.0,79.0,233.0
image_840.jpg,124.0,56.0,129.0,54.0,120.0,54.0,138.0,59.0,114.0,59.0,153.0,82.0,102.0,82.0,174.0,106.0,80.0,105.0,166.0,131.0,86.0,131.0,139.0,143.0,110.0,141.0,136.0,186.0,106.0,184.0,129.0,221.0,113.0,216.0
image_841.jpg,136.0,35.0,125.0,31.0,146.0,30.0,120.0,34.0,152.0,34.0,107.0,56.0,168.0,55.0,69.0,84.0,205.0,85.0,89.0,112.0,188.0,113.0,118.0,119.0,156.0,119.0,115.0,179.0,163.0,175.0,118.0,228.0,163.0,224.0
image_842.jpg,132.0,111.0,135.0,109.0,130.0,109.0,138.0,108.0,127.0,108.0,143.0,119.0,121.0,120.0,147.0,136.0,118.0,136.0,148.0,155.0,119.0,154.0,139.0,151.0,127.0,152.0,139.0,175.0,127.0,175.0,137.0,195.0,130.0,195.0
image_843.jpg,136.0,36.0,140.0,33.0,130.0,31.0,143.0,37.0,120.0,33.0,155.0,64.0,98.0,65.0,163.0,95.0,93.0,97.0,166.0,120.0,94.0,116.0,147.0,128.0,111.0,129.0,145.0,178.0,112.0,177.0,142.0,217.0,113.0,218.0
image_844.jpg,127.0,42.0,118.0,36.0,137.0,36.0,110.0,38.0,146.0,38.0,94.0,57.0,164.0,55.0,45.0,83.0,220.0,80.0,89.0,107.0,178.0,101.0,112.0,119.0,160.0,119.0,114.0,176.0,159.0,175.0,121.0,228.0,151.0,228.0
image_845.jpg,111.0,43.0,117.0,36.0,103.0,35.0,123.0,37.0,89.0,35.0,147.0,60.0,68.0,67.0,161.0,100.0,72.0,108.0,171.0,133.0,71.0,141.0,145.0,131.0,100.0,134.0,156.0,186.0,117.0,180.0,149.0,225.0,130.0,223.0
image_847.jpg,133.0,47.0,138.0,44.0,129.0,43.0,145.0,47.0,121.0,45.0,154.0,69.0,110.0,69.0,186.0,85.0,101.0,96.0,166.0,96.0,100.0,117.0,147.0,124.0,121.0,126.0,145.0,159.0,125.0,157.0,137.0,200.0,122.0,198.0
image_848.jpg,135.0,36.0,142.0,30.0,128.0,30.0,151.0,34.0,118.0,33.0,165.0,60.0,104.0,64.0,171.0,95.0,100.0,100.0,176.0,126.0,68.0,120.0,154.0,128.0,115.0,127.0,153.0,185.0,117.0,180.0,149.0,217.0,126.0,221.0
image_849.jpg,129.0,81.0,135.0,76.0,123.0,75.0,142.0,79.0,115.0,77.0,153.0,106.0,98.0,107.0,160.0,139.0,101.0,142.0,161.0,172.0,109.0,170.0,147.0,187.0,112.0,188.0,152.0,233.0,118.0,241.0,151.0,260.0,121.0,258.0
image_85.jpg,136.0,31.0,137.0,27.0,129.0,26.0,134.0,29.0,113.0,30.0,140.0,61.0,93.0,60.0,145.0,93.0,84.0,94.0,157.0,119.0,92.0,124.0,140.0,125.0,110.0,126.0,146.0,178.0,100.0,176.0,144.0,228.0,99.0,229.0
image_850.jpg,128.0,71.0,132.0,68.0,124.0,68.0,137.0,71.0,117.0,70.0,147.0,94.0,104.0,92.0,171.0,112.0,76.0,109.0,156.0,127.0,93.0,124.0,139.0,141.0,111.0,140.0,134.0,181.0,114.0,179.0,130.0,213.0,115.0,213.0
image_851.jpg,112.0,45.0,110.0,40.0,123.0,42.0,112.0,45.0,140.0,45.0,102.0,70.0,156.0,68.0,96.0,104.0,189.0,96.0,70.0,104.0,162.0,113.0,109.0,131.0,142.0,130.0,114.0,188.0,137.0,184.0,118.0,239.0,132.0,236.0
image_852.jpg,154.0,33.0,146.0,29.0,165.0,27.0,147.0,35.0,180.0,36.0,134.0,63.0,196.0,65.0,111.0,99.0,206.0,109.0,99.0,128.0,198.0,131.0,135.0,125.0,176.0,125.0,139.0,181.0,175.0,181.0,137.0,236.0,172.0,236.0
image_853.jpg,131.0,35.0,136.0,32.0,127.0,30.0,141.0,37.0,119.0,32.0,152.0,57.0,97.0,52.0,171.0,91.0,73.0,84.0,183.0,118.0,95.0,113.0,155.0,115.0,124.0,118.0,156.0,161.0,94.0,162.0,151.0,217.0,90.0,216.0
image_854.jpg,91.0,56.0,95.0,52.0,86.0,51.0,101.0,56.0,78.0,55.0,112.0,79.0,64.0,82.0,126.0,103.0,60.0,107.0,113.0,101.0,77.0,104.0,106.0,137.0,77.0,138.0,107.0,178.0,83.0,180.0,106.0,209.0,91.0,213.0
image_855.jpg,122.0,72.0,123.0,67.0,125.0,68.0,128.0,69.0,135.0,69.0,112.0,85.0,162.0,88.0,101.0,115.0,166.0,121.0,104.0,133.0,159.0,140.0,122.0,131.0,149.0,131.0,113.0,190.0,154.0,188.0,109.0,239.0,162.0,235.0
image_856.jpg,128.0,53.0,123.0,48.0,133.0,48.0,118.0,51.0,139.0,51.0,106.0,75.0,150.0,75.0,103.0,109.0,155.0,110.0,99.0,140.0,160.0,139.0,117.0,130.0,143.0,130.0,115.0,184.0,144.0,184.0,115.0,234.0,144.0,234.0
image_857.jpg,123.0,60.0,129.0,54.0,116.0,54.0,137.0,53.0,108.0,55.0,149.0,72.0,98.0,72.0,151.0,105.0,89.0,109.0,109.0,107.0,133.0,106.0,148.0,137.0,108.0,136.0,149.0,187.0,105.0,188.0,152.0,240.0,107.0,240.0
image_858.jpg,128.0,46.0,121.0,41.0,136.0,42.0,116.0,44.0,142.0,45.0,103.0,64.0,153.0,65.0,68.0,85.0,191.0,90.0,90.0,108.0,168.0,111.0,111.0,121.0,143.0,120.0,112.0,177.0,145.0,178.0,116.0,234.0,145.0,237.0
image_86.jpg,134.0,25.0,140.0,21.0,128.0,21.0,148.0,26.0,119.0,26.0,164.0,58.0,101.0,55.0,175.0,90.0,91.0,86.0,178.0,120.0,89.0,116.0,152.0,121.0,114.0,122.0,156.0,175.0,111.0,174.0,160.0,220.0,113.0,219.0
image_860.jpg,111.0,34.0,102.0,26.0,117.0,25.0,89.0,29.0,126.0,28.0,67.0,54.0,147.0,50.0,47.0,88.0,160.0,88.0,91.0,95.0,136.0,97.0,84.0,120.0,135.0,118.0,92.0,188.0,138.0,181.0,106.0,242.0,137.0,242.0
image_861.jpg,142.0,27.0,146.0,25.0,137.0,22.0,145.0,31.0,124.0,24.0,161.0,54.0,95.0,56.0,169.0,88.0,89.0,89.0,170.0,118.0,89.0,120.0,148.0,125.0,112.0,127.0,146.0,172.0,115.0,171.0,139.0,214.0,121.0,215.0
image_862.jpg,168.0,29.0,173.0,24.0,162.0,24.0,181.0,26.0,155.0,28.0,198.0,52.0,142.0,55.0,206.0,88.0,130.0,89.0,189.0,89.0,147.0,93.0,183.0,117.0,149.0,116.0,180.0,166.0,146.0,170.0,179.0,228.0,156.0,226.0
image_863.jpg,127.0,35.0,131.0,29.0,120.0,29.0,137.0,30.0,110.0,31.0,158.0,55.0,93.0,58.0,164.0,94.0,87.0,96.0,153.0,124.0,84.0,123.0,140.0,122.0,104.0,123.0,134.0,179.0,110.0,178.0,135.0,224.0,120.0,231.0
image_864.jpg,117.0,34.0,122.0,30.0,111.0,30.0,130.0,31.0,104.0,32.0,147.0,57.0,89.0,59.0,155.0,92.0,85.0,94.0,161.0,124.0,82.0,125.0,139.0,124.0,104.0,125.0,138.0,179.0,109.0,175.0,130.0,225.0,107.0,224.0
image_865.jpg,132.0,44.0,125.0,40.0,138.0,40.0,120.0,44.0,142.0,43.0,110.0,63.0,156.0,61.0,75.0,84.0,183.0,85.0,97.0,106.0,173.0,100.0,119.0,118.0,152.0,119.0,119.0,161.0,156.0,161.0,118.0,206.0,161.0,203.0
image_866.jpg,135.0,44.0,140.0,41.0,130.0,40.0,145.0,45.0,123.0,43.0,155.0,69.0,107.0,68.0,163.0,103.0,98.0,99.0,165.0,129.0,101.0,127.0,148.0,126.0,123.0,127.0,148.0,178.0,139.0,178.0,135.0,223.0,122.0,224.0
image_867.jpg,147.0,70.0,152.0,66.0,140.0,64.0,154.0,70.0,126.0,66.0,170.0,92.0,104.0,93.0,215.0,123.0,64.0,126.0,188.0,154.0,91.0,154.0,160.0,163.0,116.0,163.0,154.0,226.0,118.0,229.0,153.0,253.0,116.0,252.0
image_869.jpg,129.0,63.0,135.0,59.0,126.0,60.0,147.0,62.0,125.0,62.0,163.0,88.0,113.0,85.0,189.0,108.0,82.0,101.0,168.0,113.0,86.0,121.0,143.0,146.0,115.0,143.0,136.0,190.0,123.0,184.0,137.0,228.0,142.0,228.0
image_87.jpg,129.0,34.0,134.0,30.0,123.0,29.0,142.0,31.0,114.0,31.0,159.0,57.0,94.0,58.0,194.0,83.0,61.0,86.0,174.0,109.0,79.0,111.0,147.0,132.0,107.0,132.0,149.0,180.0,101.0,179.0,149.0,222.0,101.0,223.0
image_871.jpg,109.0,34.0,115.0,29.0,104.0,31.0,129.0,33.0,100.0,36.0,154.0,57.0,90.0,60.0,172.0,89.0,83.0,90.0,162.0,115.0,74.0,112.0,140.0,121.0,98.0,121.0,147.0,168.0,100.0,165.0,164.0,216.0,96.0,212.0
image_872.jpg,141.0,41.0,134.0,35.0,148.0,36.0,128.0,38.0,154.0,39.0,111.0,66.0,168.0,65.0,99.0,102.0,205.0,86.0,99.0,128.0,164.0,104.0,119.0,132.0,155.0,133.0,115.0,174.0,154.0,178.0,110.0,222.0,145.0,223.0
image_876.jpg,119.0,39.0,114.0,35.0,128.0,34.0,113.0,38.0,140.0,36.0,100.0,65.0,156.0,62.0,66.0,92.0,188.0,91.0,57.0,65.0,201.0,68.0,114.0,131.0,149.0,131.0,107.0,186.0,153.0,186.0,102.0,239.0,157.0,235.0
image_877.jpg,145.0,31.0,134.0,25.0,151.0,26.0,127.0,28.0,155.0,29.0,108.0,51.0,168.0,53.0,92.0,86.0,179.0,91.0,108.0,100.0,164.0,96.0,114.0,113.0,152.0,116.0,111.0,169.0,144.0,169.0,110.0,222.0,136.0,227.0
image_878.jpg,129.0,49.0,118.0,43.0,134.0,43.0,109.0,46.0,139.0,47.0,97.0,69.0,158.0,68.0,89.0,105.0,167.0,104.0,88.0,132.0,163.0,129.0,108.0,128.0,145.0,127.0,114.0,178.0,142.0,178.0,120.0,227.0,139.0,226.0
image_879.jpg,118.0,45.0,123.0,41.0,113.0,42.0,131.0,45.0,107.0,45.0,149.0,63.0,95.0,65.0,184.0,85.0,62.0,86.0,167.0,107.0,85.0,101.0,136.0,133.0,107.0,133.0,135.0,179.0,112.0,178.0,139.0,213.0,117.0,211.0
image_88.jpg,130.0,61.0,134.0,57.0,125.0,57.0,141.0,56.0,118.0,57.0,155.0,78.0,103.0,75.0,163.0,103.0,92.0,100.0,168.0,127.0,84.0,124.0,146.0,131.0,114.0,132.0,153.0,171.0,107.0,172.0,152.0,202.0,103.0,203.0
image_882.jpg,146.0,37.0,147.0,34.0,162.0,34.0,151.0,37.0,179.0,38.0,144.0,60.0,191.0,60.0,109.0,87.0,221.0,88.0,128.0,107.0,197.0,106.0,143.0,120.0,175.0,120.0,136.0,182.0,178.0,179.0,124.0,233.0,183.0,234.0
image_886.jpg,135.0,53.0,138.0,49.0,130.0,49.0,141.0,50.0,121.0,51.0,144.0,74.0,110.0,74.0,146.0,100.0,90.0,102.0,152.0,121.0,113.0,124.0,141.0,130.0,119.0,131.0,134.0,175.0,113.0,175.0,129.0,207.0,106.0,218.0
image_887.jpg,120.0,39.0,126.0,35.0,117.0,35.0,138.0,38.0,113.0,38.0,157.0,63.0,102.0,63.0,198.0,84.0,77.0,81.0,167.0,110.0,90.0,105.0,143.0,126.0,110.0,126.0,149.0,175.0,110.0,172.0,152.0,220.0,107.0,214.0
image_888.jpg,135.0,31.0,141.0,27.0,129.0,26.0,150.0,32.0,123.0,29.0,162.0,57.0,108.0,59.0,153.0,86.0,89.0,86.0,127.0,80.0,115.0,85.0,148.0,125.0,114.0,124.0,151.0,172.0,101.0,172.0,157.0,219.0,97.0,219.0
image_889.jpg,107.0,31.0,114.0,27.0,106.0,27.0,130.0,31.0,109.0,29.0,148.0,59.0,94.0,60.0,192.0,87.0,61.0,86.0,159.0,114.0,73.0,111.0,135.0,129.0,97.0,130.0,155.0,177.0,92.0,176.0,167.0,228.0,89.0,222.0
image_89.jpg,134.0,45.0,142.0,41.0,128.0,38.0,147.0,47.0,114.0,41.0,156.0,83.0,87.0,75.0,142.0,121.0,72.0,114.0,145.0,151.0,83.0,153.0,147.0,163.0,105.0,164.0,135.0,225.0,99.0,226.0,126.0,256.0,95.0,256.0
image_890.jpg,134.0,37.0,140.0,32.0,128.0,32.0,148.0,37.0,120.0,37.0,167.0,64.0,100.0,63.0,182.0,95.0,77.0,95.0,160.0,119.0,100.0,123.0,151.0,131.0,112.0,131.0,160.0,184.0,104.0,185.0,165.0,230.0,99.0,229.0
image_891.jpg,140.0,27.0,140.0,21.0,132.0,22.0,134.0,24.0,112.0,27.0,152.0,57.0,83.0,61.0,168.0,96.0,70.0,98.0,171.0,132.0,72.0,132.0,144.0,135.0,99.0,138.0,150.0,186.0,96.0,185.0,157.0,228.0,90.0,229.0
image_892.jpg,133.0,56.0,141.0,49.0,125.0,49.0,150.0,53.0,111.0,53.0,169.0,87.0,89.0,90.0,214.0,120.0,36.0,127.0,187.0,156.0,73.0,162.0,156.0,182.0,106.0,183.0,170.0,244.0,99.0,243.0,173.0,260.0,96.0,258.0
image_893.jpg,123.0,38.0,134.0,31.0,114.0,29.0,146.0,34.0,96.0,28.0,171.0,74.0,62.0,72.0,220.0,103.0,43.0,104.0,184.0,146.0,59.0,144.0,146.0,169.0,79.0,167.0,153.0,236.0,58.0,233.0,155.0,253.0,56.0,258.0
image_895.jpg,123.0,52.0,128.0,47.0,118.0,48.0,137.0,49.0,112.0,51.0,153.0,73.0,98.0,73.0,155.0,105.0,93.0,103.0,124.0,122.0,116.0,123.0,141.0,131.0,106.0,132.0,144.0,176.0,100.0,174.0,144.0,211.0,98.0,213.0
image_896.jpg,124.0,35.0,129.0,30.0,118.0,31.0,138.0,34.0,109.0,36.0,156.0,65.0,92.0,65.0,188.0,94.0,53.0,90.0,165.0,122.0,77.0,116.0,138.0,134.0,103.0,135.0,163.0,178.0,104.0,185.0,166.0,233.0,112.0,228.0
image_897.jpg,115.0,30.0,121.0,25.0,109.0,27.0,137.0,29.0,107.0,33.0,159.0,61.0,99.0,59.0,200.0,85.0,80.0,78.0,167.0,110.0,100.0,105.0,141.0,134.0,104.0,132.0,145.0,183.0,114.0,179.0,149.0,223.0,119.0,215.0
image_898.jpg,115.0,39.0,120.0,34.0,114.0,34.0,137.0,37.0,117.0,36.0,160.0,67.0,99.0,63.0,169.0,100.0,69.0,89.0,171.0,127.0,85.0,114.0,149.0,128.0,111.0,129.0,150.0,176.0,106.0,176.0,146.0,222.0,96.0,221.0
image_899.jpg,108.0,43.0,113.0,39.0,107.0,40.0,130.0,42.0,113.0,42.0,157.0,68.0,99.0,69.0,171.0,98.0,85.0,99.0,177.0,128.0,79.0,126.0,148.0,129.0,110.0,132.0,153.0,176.0,107.0,177.0,156.0,222.0,103.0,219.0
image_90.jpg,127.0,0.0,131.0,-1.0,125.0,-2.0,136.0,0.0,119.0,0.0,144.0,26.0,110.0,27.0,159.0,56.0,96.0,57.0,146.0,78.0,107.0,76.0,137.0,103.0,118.0,103.0,133.0,164.0,118.0,164.0,133.0,215.0,117.0,217.0
image_900.jpg,126.0,38.0,132.0,33.0,121.0,33.0,145.0,35.0,116.0,36.0,164.0,65.0,103.0,66.0,179.0,100.0,89.0,100.0,178.0,130.0,88.0,130.0,150.0,134.0,111.0,134.0,162.0,182.0,107.0,181.0,170.0,224.0,107.0,221.0
image_901.jpg,105.0,31.0,109.0,24.0,97.0,29.0,121.0,25.0,92.0,35.0,150.0,58.0,85.0,62.0,167.0,91.0,79.0,98.0,170.0,126.0,73.0,130.0,142.0,125.0,99.0,126.0,160.0,177.0,87.0,179.0,174.0,225.0,79.0,227.0
image_902.jpg,131.0,43.0,138.0,37.0,124.0,36.0,147.0,43.0,112.0,41.0,169.0,80.0,87.0,77.0,177.0,118.0,76.0,117.0,161.0,149.0,93.0,154.0,155.0,166.0,105.0,165.0,171.0,222.0,91.0,225.0,178.0,258.0,83.0,256.0
image_903.jpg,122.0,36.0,127.0,30.0,115.0,32.0,137.0,32.0,109.0,36.0,161.0,60.0,97.0,67.0,204.0,81.0,62.0,92.0,178.0,112.0,90.0,119.0,154.0,134.0,113.0,136.0,167.0,184.0,110.0,185.0,182.0,231.0,101.0,231.0
image_904.jpg,125.0,28.0,131.0,22.0,118.0,24.0,144.0,25.0,109.0,28.0,172.0,58.0,90.0,60.0,189.0,90.0,73.0,90.0,191.0,124.0,71.0,126.0,158.0,124.0,106.0,124.0,164.0,178.0,99.0,178.0,163.0,229.0,100.0,228.0
image_91.jpg,124.0,43.0,129.0,39.0,119.0,40.0,137.0,43.0,112.0,43.0,152.0,69.0,98.0,69.0,182.0,96.0,73.0,97.0,166.0,120.0,88.0,121.0,144.0,135.0,111.0,137.0,154.0,186.0,106.0,185.0,155.0,225.0,110.0,225.0
image_92.jpg,144.0,38.0,144.0,35.0,139.0,35.0,135.0,37.0,121.0,38.0,153.0,63.0,94.0,65.0,187.0,86.0,55.0,86.0,163.0,110.0,80.0,110.0,143.0,128.0,105.0,129.0,157.0,175.0,104.0,179.0,166.0,220.0,106.0,222.0
image_93.jpg,125.0,0.0,134.0,-1.0,121.0,0.0,141.0,-2.0,110.0,-2.0,160.0,19.0,92.0,19.0,175.0,63.0,78.0,62.0,182.0,106.0,72.0,104.0,148.0,100.0,105.0,100.0,155.0,165.0,102.0,165.0,158.0,226.0,101.0,227.0
image_94.jpg,201.0,46.0,206.0,41.0,198.0,42.0,213.0,42.0,196.0,43.0,222.0,73.0,190.0,73.0,226.0,117.0,187.0,111.0,225.0,152.0,185.0,146.0,213.0,142.0,194.0,142.0,217.0,199.0,194.0,198.0,222.0,247.0,191.0,248.0
image_95.jpg,113.0,36.0,118.0,31.0,107.0,33.0,129.0,32.0,100.0,38.0,152.0,62.0,87.0,64.0,166.0,93.0,74.0,95.0,179.0,118.0,74.0,129.0,147.0,127.0,109.0,131.0,167.0,179.0,112.0,183.0,166.0,226.0,120.0,226.0
image_96.jpg,139.0,37.0,143.0,32.0,132.0,31.0,145.0,34.0,116.0,34.0,151.0,62.0,97.0,63.0,139.0,96.0,80.0,96.0,102.0,75.0,73.0,130.0,137.0,136.0,97.0,135.0,144.0,185.0,88.0,183.0,153.0,228.0,79.0,226.0
image_97.jpg,123.0,27.0,128.0,23.0,117.0,24.0,135.0,27.0,108.0,28.0,151.0,53.0,92.0,55.0,162.0,82.0,84.0,85.0,118.0,76.0,124.0,83.0,140.0,115.0,101.0,115.0,139.0,174.0,95.0,173.0,140.0,229.0,87.0,228.0
image_98.jpg,103.0,44.0,109.0,41.0,102.0,41.0,123.0,44.0,101.0,42.0,141.0,69.0,84.0,65.0,151.0,97.0,72.0,93.0,144.0,119.0,66.0,122.0,124.0,128.0,89.0,126.0,121.0,176.0,76.0,171.0,111.0,217.0,70.0,216.0
image_99.jpg,125.0,37.0,130.0,33.0,120.0,33.0,141.0,36.0,113.0,37.0,159.0,63.0,97.0,63.0,174.0,96.0,86.0,93.0,176.0,125.0,84.0,120.0,148.0,125.0,108.0,124.0,144.0,179.0,108.0,177.0,137.0,220.0,107.0,221.0
