00000000.jpg,108.0,88.0,111.0,85.0,110.0,84.0,124.0,87.0,120.0,86.0,141.0,107.0,104.0,106.0,170.0,114.0,76.0,109.0,197.0,114.0,53.0,107.0,134.0,162.0,112.0,161.0,168.0,188.0,72.0,166.0,206.0,213.0,75.0,209.0
00000001.jpg,132.0,37.0,133.0,33.0,128.0,33.0,130.0,36.0,118.0,36.0,141.0,63.0,105.0,66.0,164.0,60.0,84.0,67.0,187.0,58.0,60.0,62.0,138.0,142.0,118.0,143.0,169.0,165.0,94.0,187.0,171.0,227.0,68.0,228.0
00000002.jpg,146.0,88.0,144.0,84.0,142.0,84.0,136.0,86.0,131.0,86.0,150.0,105.0,114.0,106.0,178.0,109.0,85.0,113.0,200.0,107.0,56.0,115.0,142.0,160.0,120.0,161.0,181.0,166.0,85.0,188.0,179.0,211.0,48.0,213.0
00000003.jpg,141.0,30.0,138.0,26.0,135.0,27.0,130.0,31.0,123.0,33.0,147.0,65.0,115.0,65.0,173.0,66.0,90.0,67.0,194.0,64.0,68.0,65.0,136.0,152.0,117.0,151.0,170.0,166.0,91.0,195.0,173.0,229.0,56.0,234.0
00000004.jpg,131.0,31.0,130.0,26.0,127.0,26.0,123.0,28.0,115.0,27.0,138.0,57.0,101.0,58.0,165.0,58.0,72.0,57.0,189.0,52.0,46.0,53.0,135.0,134.0,112.0,134.0,171.0,157.0,87.0,173.0,182.0,219.0,63.0,205.0
00000005.jpg,107.0,35.0,112.0,30.0,110.0,30.0,125.0,34.0,120.0,33.0,140.0,62.0,103.0,63.0,171.0,62.0,76.0,59.0,195.0,62.0,49.0,58.0,136.0,145.0,115.0,146.0,161.0,191.0,75.0,174.0,192.0,232.0,69.0,230.0
00000008.jpg,142.0,70.0,138.0,66.0,137.0,66.0,127.0,67.0,125.0,68.0,147.0,91.0,107.0,92.0,179.0,88.0,72.0,90.0,208.0,89.0,39.0,88.0,138.0,154.0,116.0,151.0,188.0,159.0,74.0,186.0,191.0,209.0,31.0,210.0
00000009.jpg,142.0,55.0,146.0,51.0,137.0,50.0,151.0,53.0,131.0,52.0,158.0,80.0,124.0,79.0,185.0,79.0,93.0,78.0,213.0,75.0,64.0,79.0,150.0,148.0,127.0,148.0,190.0,164.0,97.0,188.0,196.0,222.0,63.0,227.0
00000010.jpg,112.0,60.0,116.0,55.0,116.0,55.0,129.0,59.0,128.0,58.0,149.0,85.0,105.0,82.0,187.0,86.0,70.0,79.0,219.0,88.0,39.0,76.0,143.0,160.0,118.0,159.0,183.0,200.0,72.0,169.0,230.0,233.0,73.0,231.0
00000011.jpg,104.0,69.0,105.0,65.0,108.0,65.0,112.0,68.0,124.0,68.0,99.0,88.0,138.0,89.0,69.0,88.0,166.0,84.0,44.0,87.0,197.0,80.0,105.0,152.0,130.0,151.0,61.0,175.0,158.0,193.0,53.0,228.0,196.0,226.0
00000012.jpg,141.0,73.0,139.0,69.0,137.0,69.0,129.0,71.0,125.0,71.0,146.0,91.0,110.0,92.0,171.0,90.0,80.0,95.0,196.0,88.0,54.0,95.0,139.0,158.0,119.0,157.0,177.0,164.0,86.0,189.0,179.0,215.0,49.0,217.0
00000013.jpg,103.0,66.0,101.0,62.0,95.0,67.0,101.0,69.0,91.0,81.0,121.0,76.0,99.0,107.0,93.0,41.0,100.0,149.0,69.0,18.0,89.0,183.0,151.0,146.0,127.0,150.0,191.0,169.0,94.0,196.0,191.0,231.0,57.0,235.0
00000014.jpg,139.0,42.0,139.0,38.0,134.0,38.0,135.0,39.0,123.0,41.0,141.0,66.0,114.0,68.0,159.0,55.0,95.0,71.0,180.0,42.0,76.0,70.0,139.0,135.0,121.0,135.0,168.0,150.0,101.0,172.0,169.0,205.0,75.0,204.0
00000015.jpg,109.0,104.0,112.0,100.0,112.0,100.0,126.0,102.0,122.0,100.0,150.0,115.0,106.0,115.0,184.0,116.0,69.0,115.0,219.0,117.0,33.0,112.0,142.0,161.0,117.0,161.0,187.0,187.0,64.0,172.0,235.0,211.0,56.0,206.0
00000016.jpg,126.0,31.0,131.0,26.0,125.0,26.0,142.0,30.0,128.0,28.0,155.0,55.0,115.0,54.0,180.0,51.0,89.0,48.0,197.0,49.0,63.0,46.0,143.0,131.0,119.0,131.0,162.0,175.0,81.0,171.0,182.0,201.0,78.0,230.0
00000017.jpg,140.0,51.0,138.0,47.0,136.0,46.0,129.0,48.0,124.0,49.0,145.0,75.0,107.0,73.0,174.0,76.0,77.0,76.0,202.0,74.0,50.0,78.0,136.0,144.0,115.0,143.0,178.0,157.0,77.0,183.0,176.0,212.0,41.0,216.0
00000018.jpg,102.0,51.0,106.0,45.0,105.0,45.0,121.0,48.0,116.0,48.0,136.0,76.0,97.0,79.0,167.0,88.0,69.0,76.0,195.0,92.0,44.0,70.0,132.0,152.0,107.0,152.0,167.0,193.0,70.0,164.0,203.0,226.0,74.0,226.0
00000019.jpg,145.0,49.0,144.0,45.0,140.0,45.0,138.0,47.0,130.0,47.0,151.0,74.0,118.0,73.0,177.0,71.0,91.0,71.0,200.0,68.0,67.0,72.0,146.0,150.0,126.0,149.0,181.0,165.0,102.0,188.0,186.0,222.0,69.0,225.0
00000020.jpg,104.0,47.0,108.0,41.0,107.0,41.0,123.0,42.0,121.0,42.0,144.0,69.0,103.0,75.0,180.0,71.0,70.0,71.0,214.0,67.0,40.0,63.0,140.0,152.0,117.0,152.0,183.0,203.0,72.0,162.0,229.0,232.0,67.0,230.0
00000021.jpg,109.0,49.0,113.0,44.0,112.0,44.0,127.0,45.0,125.0,45.0,147.0,69.0,106.0,70.0,182.0,72.0,72.0,71.0,213.0,70.0,41.0,70.0,141.0,144.0,117.0,143.0,179.0,187.0,67.0,157.0,223.0,225.0,65.0,219.0
00000022.jpg,107.0,81.0,111.0,77.0,111.0,77.0,122.0,80.0,122.0,80.0,108.0,98.0,146.0,97.0,73.0,99.0,175.0,101.0,45.0,96.0,202.0,101.0,120.0,161.0,141.0,159.0,69.0,163.0,176.0,188.0,63.0,212.0,214.0,215.0
00000023.jpg,130.0,64.0,131.0,61.0,125.0,60.0,128.0,64.0,111.0,65.0,142.0,87.0,95.0,88.0,180.0,82.0,59.0,86.0,216.0,78.0,26.0,84.0,137.0,136.0,103.0,135.0,186.0,159.0,74.0,170.0,173.0,194.0,35.0,193.0
00000024.jpg,141.0,44.0,146.0,39.0,143.0,39.0,159.0,41.0,152.0,43.0,178.0,68.0,136.0,66.0,205.0,63.0,117.0,58.0,225.0,62.0,92.0,53.0,165.0,147.0,145.0,145.0,191.0,185.0,112.0,164.0,220.0,214.0,116.0,219.0
00000026.jpg,107.0,35.0,112.0,30.0,110.0,30.0,125.0,34.0,120.0,33.0,140.0,62.0,103.0,63.0,171.0,62.0,76.0,59.0,195.0,62.0,49.0,58.0,136.0,145.0,115.0,146.0,161.0,191.0,75.0,174.0,192.0,232.0,69.0,230.0
00000027.jpg,153.0,90.0,151.0,86.0,149.0,86.0,143.0,87.0,137.0,89.0,158.0,102.0,121.0,102.0,189.0,99.0,89.0,102.0,219.0,99.0,60.0,103.0,151.0,147.0,130.0,147.0,195.0,151.0,98.0,165.0,195.0,187.0,62.0,187.0
00000029.jpg,109.0,104.0,112.0,100.0,111.0,100.0,126.0,102.0,122.0,100.0,150.0,115.0,106.0,115.0,184.0,116.0,69.0,115.0,219.0,117.0,33.0,112.0,142.0,161.0,117.0,161.0,187.0,187.0,64.0,172.0,235.0,211.0,56.0,206.0
00000030.jpg,104.0,47.0,108.0,41.0,107.0,41.0,123.0,42.0,121.0,42.0,144.0,69.0,103.0,75.0,181.0,71.0,70.0,71.0,214.0,67.0,41.0,63.0,140.0,152.0,117.0,152.0,183.0,203.0,72.0,162.0,229.0,232.0,67.0,230.0
00000031.jpg,148.0,94.0,147.0,89.0,145.0,89.0,142.0,90.0,137.0,90.0,149.0,109.0,126.0,108.0,170.0,109.0,110.0,109.0,186.0,108.0,89.0,106.0,149.0,166.0,134.0,166.0,176.0,176.0,113.0,197.0,179.0,217.0,90.0,217.0
00000032.jpg,112.0,62.0,112.0,57.0,116.0,57.0,119.0,59.0,128.0,59.0,112.0,83.0,143.0,82.0,85.0,79.0,166.0,78.0,65.0,78.0,185.0,78.0,120.0,156.0,138.0,154.0,81.0,171.0,161.0,189.0,81.0,225.0,190.0,222.0
00000033.jpg,107.0,82.0,111.0,77.0,111.0,77.0,122.0,80.0,122.0,80.0,108.0,98.0,146.0,97.0,73.0,99.0,175.0,101.0,45.0,96.0,202.0,101.0,120.0,160.0,141.0,159.0,69.0,163.0,176.0,188.0,63.0,212.0,214.0,215.0
00000034.jpg,141.0,44.0,146.0,39.0,143.0,39.0,159.0,41.0,152.0,43.0,178.0,68.0,136.0,66.0,205.0,63.0,117.0,58.0,225.0,62.0,92.0,53.0,165.0,147.0,145.0,145.0,191.0,185.0,112.0,164.0,220.0,214.0,116.0,219.0
00000035.jpg,104.0,69.0,105.0,65.0,108.0,65.0,112.0,68.0,124.0,68.0,99.0,88.0,138.0,89.0,69.0,88.0,166.0,84.0,44.0,87.0,197.0,80.0,105.0,152.0,130.0,151.0,61.0,175.0,158.0,193.0,53.0,228.0,196.0,226.0
00000036.jpg,140.0,51.0,138.0,47.0,136.0,46.0,129.0,48.0,124.0,49.0,145.0,75.0,107.0,73.0,174.0,76.0,77.0,76.0,202.0,74.0,50.0,78.0,136.0,144.0,115.0,143.0,178.0,157.0,77.0,183.0,176.0,212.0,41.0,216.0
00000037.jpg,107.0,81.0,111.0,77.0,111.0,77.0,122.0,80.0,122.0,80.0,108.0,98.0,146.0,97.0,73.0,99.0,175.0,101.0,45.0,96.0,202.0,101.0,120.0,161.0,141.0,159.0,69.0,163.0,176.0,188.0,63.0,212.0,214.0,215.0
00000038.jpg,116.0,81.0,118.0,77.0,118.0,77.0,124.0,79.0,126.0,79.0,120.0,95.0,140.0,97.0,98.0,98.0,155.0,101.0,83.0,95.0,169.0,100.0,124.0,160.0,134.0,161.0,97.0,165.0,155.0,190.0,93.0,213.0,172.0,214.0
00000040.jpg,109.0,49.0,113.0,44.0,112.0,44.0,127.0,45.0,125.0,45.0,147.0,69.0,106.0,70.0,182.0,72.0,72.0,71.0,213.0,70.0,41.0,70.0,141.0,144.0,117.0,143.0,179.0,187.0,67.0,157.0,223.0,225.0,65.0,219.0
00000041.jpg,130.0,64.0,131.0,61.0,125.0,60.0,128.0,64.0,111.0,65.0,142.0,87.0,95.0,88.0,180.0,82.0,59.0,86.0,216.0,78.0,26.0,84.0,137.0,136.0,103.0,135.0,186.0,159.0,74.0,170.0,173.0,194.0,35.0,193.0
00000042.jpg,120.0,33.0,124.0,29.0,120.0,29.0,134.0,31.0,124.0,31.0,145.0,55.0,111.0,55.0,164.0,65.0,92.0,60.0,183.0,65.0,73.0,58.0,137.0,129.0,120.0,127.0,156.0,175.0,94.0,158.0,178.0,211.0,91.0,212.0
00000043.jpg,101.0,51.0,106.0,46.0,103.0,46.0,120.0,48.0,115.0,47.0,139.0,71.0,96.0,72.0,173.0,72.0,60.0,70.0,209.0,64.0,28.0,67.0,133.0,140.0,104.0,139.0,175.0,176.0,54.0,150.0,229.0,203.0,50.0,203.0
00000044.jpg,91.0,67.0,93.0,64.0,93.0,63.0,103.0,64.0,101.0,64.0,117.0,79.0,91.0,85.0,141.0,86.0,70.0,85.0,157.0,85.0,53.0,79.0,115.0,143.0,100.0,143.0,136.0,172.0,73.0,155.0,163.0,200.0,76.0,198.0
00000046.jpg,122.0,41.0,127.0,36.0,117.0,36.0,134.0,40.0,111.0,40.0,146.0,67.0,100.0,70.0,179.0,67.0,67.0,75.0,209.0,64.0,37.0,76.0,135.0,151.0,110.0,151.0,177.0,195.0,63.0,163.0,221.0,228.0,64.0,230.0
00000047.jpg,146.0,55.0,145.0,50.0,140.0,50.0,139.0,52.0,125.0,54.0,152.0,82.0,109.0,82.0,189.0,83.0,70.0,85.0,224.0,85.0,33.0,82.0,148.0,152.0,122.0,152.0,201.0,164.0,71.0,187.0,199.0,218.0,23.0,216.0
00000048.jpg,139.0,72.0,136.0,68.0,134.0,69.0,126.0,71.0,123.0,73.0,148.0,88.0,109.0,93.0,180.0,89.0,74.0,92.0,208.0,90.0,47.0,92.0,142.0,145.0,122.0,145.0,183.0,145.0,86.0,174.0,177.0,192.0,46.0,191.0
00000049.jpg,149.0,32.0,146.0,26.0,145.0,26.0,134.0,27.0,130.0,27.0,149.0,54.0,111.0,53.0,180.0,51.0,79.0,58.0,207.0,49.0,50.0,59.0,137.0,135.0,112.0,134.0,168.0,185.0,92.0,188.0,164.0,231.0,73.0,230.0
00000050.jpg,138.0,35.0,138.0,30.0,133.0,30.0,133.0,32.0,122.0,33.0,144.0,64.0,111.0,62.0,165.0,65.0,85.0,64.0,189.0,62.0,63.0,61.0,138.0,149.0,121.0,149.0,172.0,172.0,97.0,192.0,175.0,233.0,68.0,232.0
00000051.jpg,146.0,65.0,143.0,61.0,142.0,61.0,134.0,64.0,130.0,64.0,154.0,86.0,108.0,88.0,190.0,86.0,71.0,90.0,227.0,87.0,35.0,92.0,143.0,152.0,115.0,150.0,193.0,167.0,72.0,186.0,201.0,219.0,28.0,220.0
00000052.jpg,109.0,104.0,112.0,100.0,111.0,100.0,126.0,102.0,122.0,100.0,150.0,115.0,106.0,115.0,184.0,116.0,69.0,115.0,219.0,118.0,33.0,112.0,142.0,161.0,116.0,161.0,186.0,187.0,64.0,172.0,234.0,211.0,56.0,207.0
00000053.jpg,124.0,41.0,130.0,37.0,119.0,37.0,139.0,45.0,111.0,43.0,157.0,64.0,94.0,64.0,197.0,67.0,54.0,68.0,231.0,48.0,22.0,48.0,141.0,123.0,108.0,124.0,153.0,150.0,102.0,139.0,157.0,206.0,108.0,155.0
00000054.jpg,114.0,40.0,119.0,36.0,116.0,35.0,132.0,39.0,126.0,39.0,148.0,72.0,107.0,68.0,180.0,75.0,73.0,66.0,209.0,75.0,47.0,65.0,143.0,151.0,120.0,151.0,175.0,194.0,76.0,175.0,215.0,232.0,64.0,239.0
00000055.jpg,104.0,44.0,109.0,40.0,105.0,40.0,124.0,43.0,116.0,42.0,142.0,71.0,97.0,72.0,180.0,74.0,62.0,74.0,213.0,73.0,31.0,76.0,128.0,153.0,106.0,153.0,167.0,191.0,54.0,170.0,208.0,219.0,55.0,230.0
00000058.jpg,139.0,31.0,137.0,26.0,136.0,26.0,126.0,29.0,123.0,28.0,146.0,61.0,100.0,56.0,170.0,64.0,70.0,59.0,196.0,65.0,42.0,62.0,131.0,134.0,105.0,134.0,169.0,162.0,77.0,179.0,167.0,220.0,47.0,216.0
00000059.jpg,116.0,56.0,121.0,52.0,120.0,52.0,134.0,57.0,131.0,56.0,150.0,78.0,106.0,74.0,189.0,78.0,71.0,70.0,221.0,76.0,36.0,66.0,143.0,146.0,118.0,146.0,181.0,184.0,67.0,163.0,217.0,216.0,77.0,214.0
00000060.jpg,112.0,62.0,112.0,57.0,116.0,57.0,119.0,59.0,128.0,59.0,112.0,83.0,144.0,82.0,85.0,80.0,166.0,78.0,65.0,78.0,186.0,78.0,120.0,156.0,138.0,154.0,81.0,170.0,161.0,189.0,81.0,225.0,189.0,222.0
00000061.jpg,140.0,59.0,136.0,55.0,134.0,55.0,127.0,58.0,123.0,59.0,151.0,82.0,105.0,82.0,187.0,83.0,70.0,86.0,223.0,83.0,35.0,91.0,146.0,138.0,119.0,139.0,194.0,146.0,77.0,173.0,191.0,198.0,34.0,200.0
00000062.jpg,140.0,73.0,138.0,68.0,134.0,69.0,129.0,71.0,122.0,71.0,146.0,93.0,99.0,96.0,184.0,90.0,60.0,96.0,220.0,90.0,27.0,101.0,133.0,165.0,105.0,163.0,186.0,180.0,66.0,201.0,195.0,235.0,24.0,235.0
00000063.jpg,114.0,51.0,118.0,48.0,115.0,47.0,130.0,53.0,124.0,51.0,144.0,86.0,110.0,82.0,172.0,81.0,81.0,76.0,201.0,80.0,59.0,67.0,138.0,159.0,114.0,160.0,170.0,201.0,81.0,176.0,205.0,238.0,82.0,232.0
00000064.jpg,152.0,105.0,156.0,111.0,157.0,107.0,157.0,121.0,157.0,114.0,149.0,135.0,139.0,108.0,165.0,166.0,152.0,89.0,176.0,181.0,171.0,78.0,121.0,157.0,99.0,153.0,168.0,183.0,55.0,162.0,208.0,202.0,51.0,198.0
00000065.jpg,129.0,49.0,127.0,45.0,125.0,45.0,116.0,47.0,113.0,48.0,133.0,70.0,95.0,76.0,163.0,73.0,61.0,81.0,194.0,75.0,36.0,86.0,125.0,149.0,103.0,151.0,161.0,178.0,70.0,184.0,153.0,230.0,38.0,219.0
00000066.jpg,173.0,67.0,180.0,66.0,175.0,63.0,187.0,76.0,178.0,68.0,194.0,98.0,153.0,79.0,210.0,128.0,128.0,57.0,193.0,109.0,111.0,29.0,163.0,148.0,137.0,147.0,207.0,162.0,104.0,177.0,208.0,204.0,63.0,208.0
00000067.jpg,129.0,108.0,131.0,108.0,131.0,107.0,135.0,114.0,134.0,112.0,134.0,128.0,126.0,118.0,138.0,151.0,134.0,91.0,143.0,78.0,143.0,77.0,127.0,161.0,116.0,159.0,141.0,182.0,99.0,164.0,156.0,198.0,99.0,199.0
00000068.jpg,153.0,90.0,152.0,86.0,149.0,86.0,144.0,87.0,138.0,89.0,158.0,102.0,121.0,102.0,190.0,99.0,88.0,103.0,220.0,99.0,58.0,103.0,151.0,148.0,130.0,148.0,195.0,152.0,98.0,166.0,195.0,188.0,61.0,187.0
00000070.jpg,130.0,50.0,127.0,45.0,125.0,45.0,116.0,47.0,113.0,48.0,132.0,70.0,95.0,76.0,163.0,74.0,61.0,81.0,194.0,75.0,36.0,86.0,125.0,149.0,103.0,151.0,161.0,178.0,70.0,184.0,153.0,230.0,39.0,218.0
00000073.jpg,116.0,81.0,118.0,77.0,118.0,77.0,124.0,79.0,126.0,79.0,120.0,95.0,140.0,97.0,98.0,98.0,155.0,101.0,83.0,95.0,169.0,100.0,124.0,160.0,134.0,161.0,97.0,165.0,155.0,190.0,93.0,213.0,172.0,214.0
00000074.jpg,122.0,41.0,127.0,36.0,117.0,36.0,134.0,40.0,111.0,40.0,146.0,67.0,100.0,70.0,179.0,67.0,67.0,75.0,209.0,64.0,37.0,76.0,135.0,151.0,110.0,151.0,177.0,195.0,63.0,163.0,221.0,228.0,64.0,230.0
00000075.jpg,146.0,65.0,143.0,61.0,142.0,61.0,134.0,64.0,130.0,64.0,154.0,86.0,108.0,88.0,190.0,86.0,71.0,90.0,227.0,87.0,35.0,92.0,143.0,152.0,115.0,150.0,193.0,167.0,72.0,186.0,201.0,219.0,28.0,220.0
00000076.jpg,107.0,35.0,112.0,30.0,110.0,30.0,125.0,34.0,120.0,33.0,140.0,62.0,103.0,63.0,171.0,62.0,76.0,59.0,195.0,62.0,49.0,58.0,136.0,145.0,115.0,146.0,161.0,191.0,75.0,174.0,192.0,232.0,69.0,230.0
00000077.jpg,104.0,47.0,108.0,41.0,107.0,41.0,123.0,42.0,121.0,42.0,144.0,70.0,103.0,75.0,181.0,71.0,70.0,71.0,214.0,67.0,40.0,63.0,140.0,152.0,117.0,152.0,183.0,203.0,72.0,162.0,229.0,232.0,67.0,230.0
00000078.jpg,139.0,72.0,136.0,68.0,134.0,69.0,126.0,71.0,123.0,73.0,148.0,88.0,109.0,93.0,180.0,89.0,74.0,92.0,208.0,90.0,47.0,92.0,142.0,145.0,122.0,145.0,183.0,145.0,86.0,174.0,177.0,192.0,46.0,191.0
00000080.jpg,104.0,44.0,109.0,40.0,105.0,40.0,124.0,43.0,116.0,42.0,142.0,71.0,97.0,72.0,180.0,74.0,62.0,74.0,213.0,73.0,31.0,76.0,128.0,153.0,106.0,153.0,167.0,191.0,54.0,170.0,208.0,219.0,55.0,230.0
00000081.jpg,129.0,49.0,127.0,45.0,125.0,45.0,116.0,47.0,113.0,48.0,133.0,70.0,95.0,76.0,163.0,73.0,61.0,81.0,194.0,75.0,36.0,86.0,125.0,149.0,103.0,151.0,161.0,178.0,70.0,184.0,153.0,230.0,38.0,219.0
00000082.jpg,139.0,31.0,137.0,26.0,136.0,26.0,126.0,29.0,123.0,28.0,146.0,61.0,100.0,56.0,170.0,64.0,70.0,59.0,196.0,65.0,42.0,62.0,131.0,134.0,105.0,134.0,169.0,162.0,77.0,179.0,167.0,220.0,47.0,216.0
00000084.jpg,149.0,32.0,146.0,26.0,145.0,26.0,134.0,27.0,130.0,27.0,149.0,54.0,111.0,53.0,180.0,51.0,79.0,58.0,207.0,49.0,50.0,59.0,137.0,135.0,112.0,134.0,168.0,185.0,92.0,188.0,164.0,231.0,73.0,230.0
00000085.jpg,135.0,89.0,133.0,85.0,129.0,86.0,127.0,87.0,117.0,90.0,147.0,103.0,102.0,106.0,176.0,100.0,73.0,110.0,211.0,92.0,45.0,107.0,134.0,155.0,107.0,150.0,183.0,169.0,73.0,183.0,185.0,211.0,38.0,218.0
00000086.jpg,118.0,57.0,121.0,53.0,117.0,52.0,134.0,55.0,124.0,54.0,155.0,78.0,115.0,78.0,188.0,75.0,82.0,69.0,219.0,67.0,54.0,63.0,146.0,150.0,118.0,148.0,174.0,182.0,76.0,170.0,208.0,213.0,75.0,226.0
00000089.jpg,133.0,38.0,133.0,33.0,128.0,33.0,128.0,35.0,118.0,36.0,142.0,62.0,105.0,65.0,163.0,61.0,83.0,65.0,187.0,58.0,60.0,62.0,138.0,141.0,118.0,141.0,170.0,164.0,94.0,188.0,172.0,227.0,68.0,227.0
00000090.jpg,150.0,36.0,148.0,31.0,145.0,31.0,136.0,35.0,132.0,35.0,157.0,63.0,116.0,67.0,189.0,70.0,86.0,70.0,220.0,71.0,55.0,75.0,147.0,145.0,125.0,145.0,190.0,156.0,85.0,183.0,193.0,219.0,51.0,216.0
00000092.jpg,114.0,40.0,119.0,36.0,116.0,35.0,132.0,39.0,126.0,39.0,148.0,72.0,107.0,68.0,180.0,75.0,73.0,66.0,209.0,75.0,47.0,65.0,143.0,151.0,120.0,151.0,175.0,194.0,76.0,175.0,215.0,232.0,64.0,239.0
00000093.jpg,173.0,67.0,180.0,66.0,175.0,63.0,187.0,76.0,178.0,68.0,194.0,98.0,153.0,79.0,210.0,128.0,128.0,57.0,193.0,109.0,111.0,29.0,163.0,148.0,137.0,147.0,207.0,162.0,104.0,177.0,208.0,204.0,63.0,208.0
00000094.jpg,142.0,44.0,141.0,39.0,137.0,38.0,133.0,41.0,125.0,41.0,148.0,70.0,113.0,67.0,174.0,61.0,84.0,65.0,200.0,51.0,57.0,63.0,140.0,149.0,120.0,150.0,177.0,159.0,89.0,190.0,182.0,223.0,57.0,227.0
00000095.jpg,164.0,40.0,168.0,36.0,161.0,36.0,174.0,40.0,160.0,39.0,180.0,65.0,158.0,65.0,193.0,67.0,141.0,65.0,203.0,65.0,134.0,61.0,172.0,137.0,166.0,137.0,147.0,176.0,182.0,180.0,145.0,240.0,201.0,235.0
00000096.jpg,114.0,51.0,118.0,48.0,115.0,47.0,130.0,53.0,124.0,51.0,144.0,86.0,110.0,82.0,172.0,81.0,81.0,76.0,201.0,80.0,59.0,67.0,138.0,159.0,114.0,160.0,170.0,201.0,81.0,176.0,205.0,238.0,82.0,232.0
00000097.jpg,116.0,56.0,121.0,52.0,120.0,52.0,134.0,57.0,131.0,56.0,150.0,78.0,106.0,74.0,189.0,78.0,71.0,70.0,221.0,76.0,36.0,66.0,143.0,146.0,118.0,146.0,181.0,184.0,67.0,163.0,217.0,216.0,77.0,214.0
00000100.jpg,134.0,93.0,131.0,89.0,128.0,90.0,123.0,92.0,117.0,94.0,140.0,115.0,102.0,114.0,168.0,113.0,70.0,114.0,198.0,109.0,39.0,111.0,132.0,168.0,110.0,168.0,172.0,171.0,73.0,193.0,177.0,216.0,38.0,215.0
00000101.jpg,152.0,115.0,156.0,117.0,156.0,117.0,155.0,126.0,157.0,126.0,150.0,134.0,141.0,133.0,137.0,107.0,134.0,107.0,141.0,84.0,138.0,84.0,151.0,183.0,136.0,184.0,195.0,216.0,83.0,197.0,238.0,239.0,86.0,237.0
00000102.jpg,154.0,43.0,151.0,38.0,150.0,38.0,139.0,43.0,137.0,42.0,156.0,75.0,126.0,72.0,186.0,64.0,97.0,73.0,212.0,54.0,70.0,77.0,148.0,153.0,137.0,152.0,184.0,141.0,105.0,198.0,178.0,208.0,59.0,229.0
00000104.jpg,112.0,62.0,112.0,57.0,116.0,57.0,119.0,59.0,128.0,59.0,112.0,83.0,144.0,82.0,85.0,80.0,166.0,78.0,65.0,78.0,186.0,78.0,120.0,156.0,138.0,154.0,81.0,170.0,161.0,189.0,81.0,225.0,189.0,222.0
00000105.jpg,140.0,59.0,136.0,55.0,134.0,55.0,127.0,58.0,123.0,59.0,151.0,82.0,105.0,82.0,187.0,83.0,70.0,86.0,223.0,83.0,35.0,91.0,146.0,138.0,119.0,139.0,194.0,146.0,77.0,173.0,191.0,198.0,34.0,200.0
00000107.jpg,138.0,35.0,138.0,30.0,133.0,30.0,133.0,32.0,122.0,33.0,144.0,64.0,111.0,62.0,165.0,65.0,85.0,64.0,189.0,62.0,63.0,61.0,138.0,149.0,121.0,149.0,172.0,172.0,97.0,192.0,175.0,233.0,68.0,232.0
00000108.jpg,172.0,8.0,170.0,0.0,167.0,1.0,153.0,2.0,149.0,1.0,163.0,47.0,104.0,35.0,213.0,38.0,56.0,50.0,249.0,35.0,13.0,60.0,133.0,155.0,95.0,154.0,189.0,188.0,49.0,215.0,179.0,256.0,14.0,257.0
00000110.jpg,153.0,90.0,152.0,86.0,149.0,86.0,144.0,87.0,138.0,89.0,158.0,102.0,121.0,102.0,190.0,99.0,88.0,103.0,220.0,99.0,58.0,103.0,151.0,148.0,130.0,148.0,195.0,152.0,98.0,166.0,195.0,188.0,61.0,187.0
00000111.jpg,99.0,56.0,102.0,51.0,102.0,50.0,115.0,51.0,116.0,51.0,125.0,78.0,103.0,78.0,163.0,89.0,70.0,80.0,195.0,90.0,44.0,75.0,107.0,156.0,113.0,154.0,58.0,160.0,148.0,197.0,54.0,218.0,192.0,237.0
00000112.jpg,143.0,73.0,142.0,69.0,139.0,70.0,134.0,72.0,130.0,74.0,146.0,95.0,122.0,95.0,163.0,95.0,103.0,96.0,181.0,89.0,88.0,91.0,138.0,159.0,125.0,159.0,167.0,178.0,108.0,196.0,168.0,222.0,81.0,225.0
00000113.jpg,148.0,93.0,147.0,89.0,145.0,89.0,143.0,90.0,137.0,90.0,149.0,109.0,126.0,108.0,171.0,109.0,111.0,109.0,187.0,107.0,89.0,106.0,149.0,166.0,134.0,166.0,176.0,175.0,112.0,197.0,179.0,217.0,89.0,217.0
00000114.jpg,111.0,61.0,116.0,55.0,112.0,56.0,132.0,56.0,121.0,57.0,157.0,84.0,102.0,86.0,196.0,85.0,66.0,82.0,229.0,83.0,32.0,77.0,155.0,158.0,122.0,158.0,197.0,188.0,74.0,156.0,238.0,213.0,67.0,212.0
00000116.jpg,172.0,8.0,170.0,0.0,167.0,1.0,153.0,2.0,149.0,1.0,163.0,47.0,104.0,35.0,213.0,38.0,56.0,50.0,249.0,35.0,13.0,60.0,133.0,155.0,95.0,154.0,189.0,188.0,49.0,215.0,179.0,256.0,14.0,257.0
00000117.jpg,154.0,43.0,151.0,38.0,150.0,38.0,139.0,43.0,137.0,42.0,156.0,75.0,126.0,72.0,186.0,64.0,97.0,73.0,212.0,54.0,70.0,77.0,148.0,153.0,137.0,152.0,184.0,141.0,105.0,198.0,178.0,208.0,59.0,229.0
00000118.jpg,164.0,40.0,168.0,35.0,162.0,35.0,174.0,39.0,161.0,39.0,180.0,64.0,158.0,65.0,193.0,67.0,140.0,64.0,202.0,65.0,134.0,61.0,173.0,135.0,166.0,136.0,183.0,182.0,182.0,180.0,145.0,240.0,201.0,234.0
00000120.jpg,143.0,73.0,142.0,69.0,139.0,70.0,134.0,72.0,130.0,74.0,146.0,95.0,122.0,95.0,163.0,95.0,103.0,96.0,181.0,89.0,88.0,91.0,138.0,159.0,125.0,159.0,167.0,178.0,108.0,196.0,168.0,222.0,81.0,225.0
00000121.jpg,142.0,91.0,142.0,87.0,139.0,87.0,137.0,89.0,130.0,88.0,145.0,110.0,119.0,108.0,170.0,106.0,94.0,108.0,193.0,102.0,73.0,106.0,130.0,175.0,119.0,171.0,164.0,181.0,91.0,201.0,166.0,232.0,61.0,223.0
00000122.jpg,142.0,44.0,141.0,39.0,137.0,38.0,133.0,41.0,125.0,41.0,148.0,70.0,113.0,67.0,174.0,61.0,84.0,65.0,200.0,51.0,57.0,63.0,140.0,149.0,120.0,150.0,177.0,159.0,89.0,190.0,182.0,223.0,57.0,227.0
00000124.jpg,111.0,61.0,116.0,55.0,112.0,56.0,132.0,56.0,121.0,57.0,157.0,84.0,102.0,86.0,196.0,85.0,66.0,82.0,229.0,83.0,32.0,77.0,155.0,158.0,122.0,158.0,197.0,188.0,74.0,156.0,238.0,213.0,67.0,212.0
00000125.jpg,114.0,55.0,118.0,50.0,114.0,50.0,134.0,51.0,125.0,51.0,152.0,79.0,109.0,75.0,178.0,89.0,79.0,80.0,208.0,99.0,51.0,86.0,145.0,141.0,116.0,141.0,169.0,179.0,87.0,170.0,195.0,212.0,89.0,213.0
00000126.jpg,134.0,90.0,132.0,86.0,129.0,87.0,127.0,88.0,117.0,91.0,147.0,103.0,102.0,106.0,175.0,100.0,73.0,109.0,208.0,92.0,47.0,107.0,134.0,155.0,108.0,150.0,184.0,170.0,74.0,183.0,184.0,210.0,41.0,217.0
00000127.jpg,99.0,56.0,102.0,51.0,102.0,50.0,115.0,51.0,116.0,51.0,125.0,78.0,103.0,78.0,163.0,89.0,70.0,80.0,195.0,90.0,44.0,75.0,107.0,156.0,113.0,154.0,58.0,160.0,148.0,197.0,54.0,218.0,192.0,237.0
00000129.jpg,134.0,93.0,131.0,89.0,128.0,90.0,123.0,92.0,117.0,94.0,140.0,115.0,102.0,114.0,168.0,113.0,70.0,114.0,198.0,109.0,39.0,111.0,132.0,168.0,110.0,168.0,172.0,171.0,73.0,193.0,177.0,216.0,38.0,215.0
00000130.jpg,152.0,115.0,156.0,117.0,156.0,117.0,155.0,126.0,157.0,126.0,150.0,134.0,141.0,133.0,137.0,107.0,134.0,107.0,141.0,84.0,138.0,84.0,151.0,183.0,136.0,184.0,195.0,216.0,83.0,197.0,238.0,239.0,86.0,237.0
00000131.jpg,128.0,62.0,133.0,64.0,131.0,62.0,139.0,75.0,133.0,68.0,141.0,95.0,114.0,73.0,149.0,121.0,101.0,47.0,141.0,111.0,88.0,26.0,126.0,132.0,109.0,131.0,158.0,156.0,68.0,141.0,190.0,178.0,65.0,177.0
00000132.jpg,134.0,41.0,133.0,36.0,129.0,37.0,128.0,37.0,118.0,38.0,140.0,64.0,109.0,64.0,161.0,67.0,93.0,71.0,181.0,61.0,71.0,62.0,135.0,141.0,119.0,141.0,168.0,162.0,99.0,186.0,175.0,224.0,70.0,221.0
00000135.jpg,150.0,85.0,145.0,82.0,145.0,82.0,137.0,85.0,136.0,86.0,152.0,103.0,123.0,106.0,174.0,104.0,94.0,108.0,192.0,103.0,69.0,109.0,141.0,155.0,126.0,153.0,178.0,163.0,92.0,180.0,175.0,204.0,56.0,205.0
00000136.jpg,139.0,51.0,137.0,47.0,135.0,47.0,129.0,48.0,124.0,49.0,142.0,75.0,111.0,73.0,169.0,76.0,83.0,75.0,192.0,72.0,60.0,78.0,135.0,144.0,117.0,143.0,171.0,157.0,84.0,183.0,171.0,212.0,53.0,216.0
00000138.jpg,131.0,83.0,135.0,85.0,135.0,85.0,134.0,96.0,135.0,96.0,125.0,109.0,127.0,108.0,117.0,76.0,116.0,76.0,121.0,52.0,120.0,53.0,123.0,166.0,134.0,165.0,76.0,170.0,170.0,191.0,72.0,219.0,207.0,217.0
00000139.jpg,140.0,55.0,138.0,51.0,138.0,52.0,132.0,53.0,130.0,53.0,143.0,71.0,119.0,68.0,171.0,68.0,91.0,71.0,194.0,69.0,65.0,71.0,127.0,138.0,117.0,136.0,163.0,166.0,89.0,176.0,167.0,218.0,65.0,219.0
00000140.jpg,116.0,102.0,119.0,100.0,117.0,99.0,129.0,103.0,123.0,102.0,142.0,119.0,112.0,118.0,164.0,118.0,91.0,119.0,185.0,119.0,71.0,120.0,131.0,162.0,116.0,161.0,161.0,183.0,84.0,164.0,190.0,202.0,80.0,198.0
00000141.jpg,119.0,30.0,118.0,25.0,115.0,26.0,109.0,27.0,103.0,28.0,121.0,59.0,92.0,57.0,148.0,51.0,64.0,56.0,173.0,38.0,37.0,51.0,110.0,139.0,97.0,137.0,153.0,166.0,69.0,190.0,161.0,233.0,33.0,234.0
00000142.jpg,111.0,47.0,112.0,42.0,113.0,42.0,120.0,43.0,121.0,44.0,143.0,72.0,104.0,74.0,179.0,76.0,68.0,75.0,211.0,71.0,40.0,72.0,139.0,147.0,115.0,145.0,182.0,187.0,66.0,158.0,226.0,220.0,69.0,221.0
00000143.jpg,186.0,39.0,190.0,35.0,185.0,34.0,200.0,38.0,189.0,37.0,211.0,67.0,180.0,67.0,241.0,65.0,154.0,64.0,251.0,67.0,138.0,61.0,205.0,148.0,189.0,147.0,227.0,194.0,156.0,174.0,253.0,237.0,157.0,238.0
00000147.jpg,139.0,55.0,138.0,50.0,135.0,50.0,130.0,51.0,123.0,51.0,145.0,77.0,108.0,76.0,171.0,79.0,82.0,75.0,193.0,75.0,58.0,76.0,132.0,155.0,113.0,153.0,169.0,176.0,89.0,198.0,177.0,234.0,58.0,234.0
00000148.jpg,146.0,34.0,142.0,29.0,142.0,29.0,129.0,32.0,128.0,32.0,152.0,65.0,109.0,64.0,186.0,61.0,72.0,59.0,219.0,56.0,38.0,55.0,142.0,143.0,116.0,141.0,190.0,157.0,74.0,190.0,186.0,224.0,29.0,225.0
00000149.jpg,161.0,100.0,158.0,96.0,156.0,97.0,147.0,98.0,144.0,98.0,164.0,118.0,118.0,112.0,190.0,121.0,82.0,117.0,221.0,115.0,47.0,113.0,146.0,162.0,122.0,161.0,190.0,176.0,82.0,189.0,190.0,212.0,46.0,216.0
00000150.jpg,115.0,100.0,119.0,97.0,111.0,97.0,125.0,96.0,107.0,99.0,137.0,107.0,105.0,110.0,165.0,107.0,74.0,106.0,196.0,104.0,47.0,104.0,138.0,149.0,116.0,149.0,166.0,171.0,80.0,164.0,196.0,192.0,77.0,193.0
00000153.jpg,141.0,87.0,139.0,84.0,138.0,85.0,133.0,86.0,128.0,89.0,143.0,108.0,116.0,109.0,161.0,108.0,97.0,110.0,176.0,106.0,76.0,106.0,139.0,157.0,120.0,157.0,167.0,158.0,101.0,176.0,169.0,195.0,78.0,196.0
00000155.jpg,113.0,109.0,115.0,106.0,114.0,105.0,123.0,107.0,122.0,107.0,131.0,125.0,117.0,126.0,154.0,128.0,113.0,129.0,169.0,135.0,90.0,116.0,128.0,175.0,119.0,175.0,145.0,202.0,92.0,181.0,167.0,223.0,89.0,223.0
00000156.jpg,70.0,88.0,73.0,85.0,71.0,85.0,83.0,87.0,79.0,86.0,95.0,105.0,69.0,105.0,116.0,105.0,48.0,102.0,135.0,103.0,29.0,98.0,90.0,159.0,73.0,157.0,108.0,182.0,42.0,166.0,133.0,203.0,47.0,204.0
00000157.jpg,132.0,49.0,131.0,45.0,128.0,45.0,124.0,46.0,116.0,47.0,137.0,69.0,106.0,73.0,160.0,70.0,81.0,72.0,186.0,64.0,56.0,67.0,134.0,137.0,115.0,137.0,170.0,145.0,85.0,170.0,173.0,198.0,53.0,196.0
00000160.jpg,120.0,43.0,125.0,37.0,112.0,37.0,129.0,40.0,97.0,41.0,141.0,60.0,84.0,63.0,166.0,69.0,64.0,75.0,205.0,66.0,36.0,81.0,137.0,133.0,100.0,137.0,172.0,177.0,83.0,178.0,170.0,236.0,66.0,209.0
00000162.jpg,115.0,100.0,119.0,97.0,111.0,97.0,125.0,96.0,107.0,99.0,137.0,107.0,105.0,110.0,165.0,107.0,74.0,106.0,196.0,104.0,47.0,104.0,138.0,149.0,116.0,149.0,166.0,171.0,80.0,164.0,196.0,192.0,77.0,193.0
00000165.jpg,132.0,49.0,131.0,45.0,128.0,45.0,124.0,46.0,116.0,47.0,137.0,69.0,106.0,73.0,160.0,70.0,81.0,72.0,186.0,64.0,56.0,67.0,134.0,137.0,115.0,137.0,170.0,145.0,85.0,170.0,173.0,198.0,53.0,196.0
00000167.jpg,117.0,64.0,121.0,60.0,119.0,59.0,132.0,63.0,128.0,62.0,143.0,88.0,115.0,89.0,161.0,90.0,96.0,86.0,181.0,88.0,76.0,78.0,135.0,159.0,119.0,159.0,157.0,199.0,91.0,172.0,182.0,227.0,88.0,226.0
00000168.jpg,70.0,88.0,73.0,85.0,71.0,85.0,83.0,87.0,79.0,86.0,95.0,105.0,69.0,105.0,116.0,105.0,48.0,102.0,135.0,103.0,29.0,98.0,90.0,159.0,73.0,157.0,108.0,182.0,42.0,166.0,133.0,203.0,47.0,204.0
00000170.jpg,141.0,87.0,139.0,84.0,138.0,85.0,133.0,86.0,128.0,89.0,143.0,108.0,116.0,109.0,161.0,108.0,97.0,110.0,176.0,106.0,76.0,106.0,139.0,157.0,120.0,157.0,167.0,158.0,101.0,176.0,169.0,195.0,78.0,196.0
00000171.jpg,113.0,109.0,115.0,106.0,114.0,105.0,123.0,107.0,122.0,107.0,131.0,125.0,117.0,126.0,154.0,128.0,113.0,129.0,169.0,135.0,90.0,116.0,128.0,175.0,119.0,175.0,145.0,202.0,92.0,181.0,167.0,223.0,89.0,223.0
00000173.jpg,121.0,48.0,126.0,43.0,122.0,44.0,138.0,47.0,130.0,46.0,153.0,75.0,117.0,74.0,181.0,72.0,88.0,70.0,204.0,73.0,69.0,68.0,147.0,151.0,129.0,152.0,174.0,197.0,91.0,175.0,207.0,236.0,83.0,235.0
00000179.jpg,131.0,76.0,128.0,76.0,127.0,76.0,122.0,84.0,122.0,85.0,130.0,98.0,126.0,98.0,133.0,61.0,132.0,59.0,129.0,29.0,128.0,31.0,142.0,161.0,132.0,164.0,171.0,164.0,114.0,193.0,169.0,212.0,88.0,221.0
00000180.jpg,135.0,57.0,132.0,52.0,134.0,52.0,123.0,54.0,129.0,55.0,114.0,79.0,132.0,72.0,92.0,102.0,165.0,58.0,67.0,115.0,183.0,42.0,125.0,141.0,122.0,140.0,170.0,161.0,85.0,176.0,171.0,219.0,44.0,209.0
00000186.jpg,71.0,87.0,75.0,85.0,71.0,84.0,84.0,91.0,77.0,88.0,81.0,107.0,76.0,108.0,72.0,77.0,76.0,130.0,68.0,49.0,74.0,106.0,81.0,164.0,67.0,163.0,99.0,199.0,42.0,184.0,123.0,226.0,41.0,223.0
00000187.jpg,151.0,34.0,151.0,29.0,147.0,29.0,144.0,30.0,136.0,31.0,158.0,57.0,120.0,55.0,186.0,55.0,93.0,57.0,209.0,50.0,68.0,54.0,145.0,136.0,125.0,136.0,183.0,153.0,95.0,188.0,181.0,220.0,59.0,223.0
00000188.jpg,115.0,89.0,116.0,86.0,111.0,86.0,114.0,87.0,102.0,88.0,117.0,109.0,96.0,109.0,135.0,108.0,81.0,110.0,150.0,106.0,63.0,109.0,115.0,162.0,98.0,163.0,140.0,178.0,88.0,189.0,138.0,226.0,72.0,208.0
00000189.jpg,125.0,77.0,121.0,78.0,120.0,79.0,119.0,85.0,115.0,89.0,136.0,97.0,113.0,116.0,137.0,61.0,114.0,152.0,132.0,34.0,103.0,183.0,149.0,162.0,128.0,164.0,184.0,172.0,102.0,200.0,185.0,224.0,75.0,228.0
00000190.jpg,145.0,91.0,145.0,87.0,141.0,87.0,140.0,89.0,133.0,90.0,147.0,108.0,124.0,107.0,169.0,109.0,106.0,114.0,187.0,105.0,87.0,115.0,141.0,160.0,129.0,159.0,172.0,175.0,110.0,195.0,170.0,218.0,85.0,218.0
00000191.jpg,122.0,64.0,120.0,60.0,118.0,60.0,112.0,62.0,107.0,62.0,126.0,83.0,95.0,84.0,147.0,82.0,70.0,83.0,169.0,78.0,46.0,80.0,118.0,151.0,98.0,150.0,147.0,167.0,69.0,180.0,144.0,216.0,39.0,211.0
00000192.jpg,114.0,34.0,119.0,29.0,112.0,30.0,132.0,32.0,115.0,33.0,146.0,58.0,106.0,61.0,164.0,58.0,84.0,65.0,176.0,55.0,61.0,56.0,143.0,128.0,117.0,126.0,157.0,166.0,86.0,152.0,177.0,193.0,89.0,208.0
00000193.jpg,110.0,30.0,115.0,25.0,111.0,25.0,127.0,28.0,120.0,27.0,139.0,59.0,106.0,60.0,164.0,59.0,85.0,59.0,186.0,55.0,61.0,54.0,132.0,147.0,113.0,147.0,157.0,195.0,80.0,164.0,189.0,232.0,75.0,230.0
00000194.jpg,183.0,41.0,180.0,37.0,180.0,37.0,168.0,40.0,166.0,41.0,185.0,72.0,152.0,71.0,210.0,84.0,123.0,86.0,234.0,94.0,97.0,102.0,168.0,145.0,151.0,145.0,205.0,169.0,121.0,193.0,205.0,225.0,87.0,229.0
00000195.jpeg,143.0,73.0,142.0,69.0,140.0,69.0,136.0,69.0,131.0,71.0,142.0,93.0,118.0,89.0,165.0,89.0,94.0,86.0,188.0,90.0,76.0,89.0,135.0,152.0,121.0,150.0,164.0,175.0,100.0,185.0,157.0,219.0,66.0,217.0
00000198.jpg,71.0,87.0,75.0,85.0,71.0,84.0,84.0,91.0,77.0,88.0,81.0,107.0,76.0,108.0,72.0,77.0,76.0,130.0,68.0,49.0,74.0,106.0,81.0,164.0,67.0,163.0,99.0,199.0,42.0,184.0,123.0,226.0,41.0,223.0
00000199.jpg,115.0,89.0,116.0,86.0,111.0,86.0,114.0,87.0,102.0,88.0,117.0,109.0,96.0,109.0,135.0,108.0,81.0,110.0,150.0,106.0,63.0,109.0,115.0,162.0,98.0,163.0,140.0,178.0,88.0,189.0,138.0,226.0,72.0,208.0
00000200.jpg,125.0,77.0,121.0,78.0,120.0,79.0,119.0,85.0,115.0,89.0,136.0,97.0,113.0,116.0,137.0,61.0,114.0,152.0,132.0,34.0,103.0,183.0,149.0,162.0,128.0,164.0,184.0,172.0,102.0,200.0,185.0,224.0,75.0,228.0
00000202.jpg,122.0,64.0,120.0,60.0,118.0,60.0,112.0,62.0,107.0,62.0,126.0,83.0,95.0,84.0,147.0,82.0,70.0,83.0,169.0,78.0,46.0,80.0,118.0,151.0,98.0,150.0,147.0,167.0,69.0,180.0,144.0,216.0,39.0,211.0
00000203.jpg,151.0,34.0,151.0,29.0,147.0,29.0,144.0,30.0,136.0,31.0,158.0,57.0,120.0,55.0,186.0,55.0,93.0,57.0,209.0,50.0,68.0,54.0,145.0,136.0,125.0,136.0,183.0,153.0,95.0,188.0,181.0,220.0,59.0,223.0
00000204.jpg,110.0,30.0,115.0,25.0,111.0,25.0,127.0,28.0,120.0,27.0,139.0,59.0,106.0,60.0,164.0,59.0,85.0,59.0,186.0,55.0,61.0,54.0,132.0,147.0,113.0,147.0,157.0,195.0,80.0,164.0,189.0,232.0,75.0,230.0
00000206.jpg,183.0,41.0,180.0,37.0,180.0,37.0,168.0,40.0,166.0,41.0,185.0,72.0,152.0,71.0,210.0,84.0,123.0,86.0,234.0,94.0,97.0,102.0,168.0,145.0,151.0,145.0,205.0,169.0,121.0,193.0,205.0,225.0,87.0,229.0
00000207.jpeg,143.0,73.0,142.0,69.0,140.0,69.0,136.0,69.0,131.0,71.0,142.0,93.0,118.0,89.0,165.0,89.0,94.0,86.0,188.0,90.0,76.0,89.0,135.0,152.0,121.0,150.0,164.0,175.0,100.0,185.0,157.0,219.0,66.0,217.0
00000208.jpg,158.0,26.0,162.0,22.0,159.0,21.0,173.0,27.0,165.0,24.0,184.0,56.0,151.0,55.0,210.0,55.0,125.0,49.0,228.0,53.0,106.0,47.0,177.0,137.0,158.0,137.0,198.0,188.0,127.0,173.0,223.0,230.0,129.0,236.0
00000210.jpg,170.0,53.0,169.0,50.0,167.0,51.0,162.0,53.0,158.0,54.0,173.0,68.0,141.0,68.0,204.0,68.0,115.0,69.0,228.0,65.0,88.0,66.0,162.0,113.0,143.0,112.0,201.0,110.0,105.0,128.0,201.0,146.0,71.0,143.0
00000212.jpg,148.0,44.0,148.0,39.0,143.0,40.0,139.0,41.0,127.0,43.0,149.0,72.0,106.0,72.0,186.0,74.0,65.0,74.0,221.0,73.0,31.0,76.0,137.0,157.0,107.0,159.0,184.0,176.0,69.0,195.0,180.0,241.0,25.0,229.0
00000213.jpg,121.0,97.0,123.0,94.0,118.0,95.0,128.0,95.0,118.0,96.0,134.0,108.0,122.0,106.0,134.0,114.0,115.0,110.0,149.0,118.0,98.0,109.0,137.0,140.0,134.0,141.0,121.0,165.0,148.0,163.0,119.0,197.0,162.0,187.0
00000215.jpg,131.0,55.0,130.0,50.0,127.0,50.0,120.0,51.0,114.0,51.0,136.0,83.0,95.0,79.0,165.0,87.0,66.0,79.0,194.0,90.0,38.0,80.0,131.0,152.0,110.0,153.0,167.0,191.0,69.0,151.0,207.0,224.0,55.0,218.0
00000216.jpg,138.0,40.0,138.0,35.0,133.0,36.0,134.0,37.0,123.0,39.0,144.0,65.0,111.0,67.0,170.0,69.0,86.0,71.0,193.0,66.0,63.0,71.0,142.0,147.0,121.0,147.0,175.0,169.0,96.0,196.0,172.0,232.0,67.0,230.0
00000217.jpg,112.0,74.0,115.0,71.0,111.0,70.0,125.0,74.0,113.0,74.0,135.0,95.0,108.0,96.0,156.0,89.0,89.0,89.0,175.0,81.0,70.0,79.0,131.0,159.0,116.0,158.0,157.0,193.0,87.0,169.0,186.0,223.0,86.0,219.0
00000218.jpg,117.0,87.0,119.0,84.0,117.0,84.0,127.0,86.0,121.0,85.0,134.0,105.0,115.0,105.0,146.0,113.0,100.0,108.0,165.0,114.0,89.0,107.0,132.0,163.0,120.0,161.0,146.0,187.0,98.0,169.0,168.0,211.0,99.0,209.0
00000219.jpg,142.0,50.0,139.0,46.0,138.0,46.0,129.0,48.0,128.0,49.0,143.0,69.0,111.0,72.0,171.0,69.0,81.0,80.0,198.0,66.0,52.0,84.0,132.0,131.0,113.0,130.0,167.0,149.0,85.0,165.0,168.0,197.0,53.0,198.0
00000220.jpg,120.0,43.0,118.0,39.0,116.0,38.0,110.0,40.0,105.0,40.0,126.0,67.0,87.0,66.0,152.0,68.0,60.0,71.0,176.0,63.0,37.0,67.0,119.0,137.0,98.0,138.0,158.0,150.0,69.0,176.0,166.0,207.0,33.0,208.0
00000221.jpg,121.0,90.0,126.0,86.0,122.0,86.0,141.0,89.0,132.0,87.0,160.0,108.0,112.0,109.0,197.0,111.0,76.0,107.0,229.0,111.0,43.0,105.0,152.0,163.0,127.0,163.0,191.0,192.0,76.0,173.0,235.0,219.0,71.0,222.0
00000223.jpg,159.0,88.0,156.0,83.0,155.0,83.0,146.0,85.0,143.0,86.0,151.0,102.0,139.0,104.0,153.0,68.0,146.0,66.0,154.0,36.0,145.0,37.0,152.0,168.0,139.0,170.0,189.0,184.0,109.0,196.0,197.0,231.0,82.0,217.0
00000224.jpg,174.0,49.0,176.0,48.0,172.0,48.0,180.0,47.0,171.0,49.0,187.0,56.0,172.0,61.0,203.0,49.0,163.0,67.0,217.0,45.0,154.0,67.0,189.0,90.0,177.0,94.0,210.0,105.0,170.0,107.0,224.0,117.0,172.0,125.0
00000225.jpg,125.0,86.0,126.0,83.0,123.0,84.0,126.0,83.0,119.0,85.0,131.0,89.0,112.0,88.0,147.0,88.0,96.0,91.0,159.0,87.0,82.0,91.0,125.0,111.0,114.0,111.0,146.0,117.0,101.0,117.0,145.0,141.0,92.0,126.0
00000226.jpg,162.0,107.0,164.0,106.0,160.0,105.0,168.0,109.0,160.0,109.0,172.0,123.0,157.0,122.0,187.0,121.0,144.0,117.0,194.0,119.0,133.0,113.0,169.0,157.0,161.0,158.0,158.0,179.0,177.0,179.0,149.0,199.0,193.0,198.0
00000227.jpg,136.0,65.0,136.0,60.0,132.0,60.0,129.0,61.0,121.0,62.0,140.0,87.0,108.0,86.0,163.0,86.0,85.0,86.0,182.0,84.0,63.0,85.0,126.0,158.0,111.0,157.0,159.0,164.0,82.0,188.0,162.0,216.0,53.0,215.0
00000231.jpg,97.0,66.0,93.0,70.0,91.0,72.0,95.0,82.0,92.0,88.0,124.0,81.0,99.0,107.0,104.0,42.0,87.0,149.0,83.0,17.0,74.0,182.0,142.0,157.0,115.0,158.0,194.0,167.0,77.0,197.0,203.0,233.0,40.0,231.0
00000233.jpg,147.0,46.0,146.0,41.0,143.0,42.0,141.0,43.0,133.0,43.0,153.0,66.0,117.0,67.0,178.0,63.0,92.0,68.0,204.0,63.0,65.0,71.0,141.0,139.0,119.0,135.0,171.0,161.0,97.0,174.0,177.0,209.0,74.0,205.0
00000234.jpg,149.0,76.0,144.0,72.0,144.0,72.0,132.0,77.0,132.0,77.0,156.0,103.0,104.0,97.0,189.0,102.0,64.0,101.0,224.0,98.0,27.0,103.0,140.0,168.0,110.0,167.0,191.0,164.0,65.0,201.0,195.0,224.0,10.0,231.0
00000235.jpg,147.0,33.0,145.0,28.0,143.0,28.0,136.0,30.0,131.0,30.0,151.0,64.0,110.0,59.0,186.0,60.0,74.0,59.0,217.0,57.0,43.0,59.0,138.0,132.0,115.0,130.0,189.0,139.0,77.0,179.0,198.0,205.0,29.0,219.0
00000236.jpg,106.0,51.0,110.0,47.0,109.0,46.0,121.0,50.0,119.0,49.0,133.0,78.0,103.0,76.0,158.0,83.0,83.0,78.0,182.0,85.0,64.0,75.0,131.0,150.0,113.0,151.0,162.0,191.0,77.0,164.0,196.0,224.0,80.0,222.0
00000237.jpg,127.0,102.0,130.0,99.0,128.0,99.0,140.0,102.0,135.0,101.0,141.0,121.0,129.0,122.0,137.0,86.0,128.0,84.0,139.0,57.0,133.0,57.0,139.0,183.0,140.0,183.0,105.0,186.0,156.0,200.0,101.0,228.0,185.0,217.0
00000238.jpg,106.0,40.0,109.0,35.0,108.0,35.0,122.0,37.0,118.0,36.0,138.0,55.0,104.0,63.0,163.0,56.0,77.0,65.0,185.0,48.0,55.0,59.0,131.0,130.0,109.0,129.0,151.0,187.0,77.0,148.0,189.0,214.0,72.0,213.0
00000239.jpg,140.0,71.0,139.0,67.0,135.0,67.0,133.0,69.0,127.0,70.0,142.0,93.0,119.0,93.0,164.0,96.0,99.0,100.0,182.0,94.0,84.0,102.0,134.0,157.0,120.0,157.0,164.0,177.0,101.0,189.0,164.0,224.0,82.0,225.0
00000241.jpg,138.0,54.0,132.0,50.0,141.0,51.0,120.0,54.0,140.0,55.0,109.0,78.0,142.0,82.0,79.0,78.0,177.0,73.0,52.0,75.0,204.0,68.0,117.0,147.0,136.0,151.0,103.0,181.0,179.0,171.0,77.0,216.0,184.0,218.0
00000243.jpg,171.0,11.0,167.0,4.0,167.0,3.0,149.0,5.0,148.0,5.0,165.0,47.0,104.0,36.0,211.0,42.0,58.0,51.0,250.0,37.0,18.0,61.0,132.0,152.0,97.0,150.0,190.0,186.0,51.0,212.0,175.0,255.0,15.0,251.0
00000244.jpg,152.0,46.0,151.0,42.0,148.0,41.0,143.0,43.0,136.0,43.0,154.0,69.0,121.0,66.0,181.0,61.0,94.0,64.0,204.0,50.0,70.0,62.0,145.0,143.0,125.0,141.0,180.0,169.0,96.0,188.0,171.0,225.0,63.0,226.0
00000245.jpg,131.0,88.0,128.0,87.0,127.0,88.0,122.0,95.0,123.0,95.0,123.0,107.0,129.0,107.0,127.0,69.0,131.0,67.0,127.0,34.0,130.0,35.0,126.0,173.0,135.0,173.0,103.0,209.0,166.0,183.0,79.0,239.0,163.0,237.0
00000247.jpg,131.0,55.0,130.0,50.0,127.0,50.0,120.0,51.0,114.0,51.0,136.0,83.0,95.0,79.0,165.0,87.0,66.0,79.0,194.0,90.0,38.0,80.0,131.0,152.0,110.0,153.0,167.0,191.0,69.0,151.0,207.0,224.0,55.0,218.0
00000248.jpg,159.0,100.0,160.0,98.0,157.0,99.0,158.0,98.0,152.0,98.0,150.0,110.0,140.0,107.0,143.0,113.0,116.0,107.0,117.0,102.0,117.0,103.0,125.0,129.0,117.0,125.0,116.0,167.0,92.0,113.0,117.0,204.0,71.0,98.0
00000249.jpg,135.0,38.0,134.0,34.0,129.0,34.0,128.0,37.0,118.0,38.0,142.0,67.0,106.0,70.0,170.0,65.0,76.0,80.0,197.0,58.0,52.0,84.0,127.0,148.0,107.0,146.0,164.0,171.0,80.0,194.0,168.0,234.0,53.0,234.0
00000251.jpg,161.0,100.0,158.0,96.0,156.0,97.0,147.0,98.0,144.0,98.0,164.0,118.0,118.0,112.0,190.0,121.0,82.0,117.0,221.0,115.0,47.0,113.0,146.0,162.0,122.0,161.0,190.0,176.0,82.0,189.0,190.0,212.0,46.0,216.0
00000253.jpg,133.0,37.0,134.0,33.0,129.0,33.0,130.0,35.0,118.0,36.0,142.0,62.0,105.0,66.0,164.0,60.0,84.0,67.0,186.0,58.0,61.0,62.0,139.0,142.0,118.0,142.0,170.0,164.0,94.0,188.0,171.0,227.0,68.0,228.0
00000254.jpg,127.0,102.0,130.0,99.0,128.0,99.0,140.0,102.0,135.0,101.0,141.0,121.0,129.0,122.0,137.0,86.0,128.0,84.0,139.0,57.0,133.0,57.0,139.0,183.0,140.0,183.0,105.0,186.0,156.0,200.0,101.0,228.0,185.0,217.0
00000255.jpg,116.0,102.0,119.0,100.0,117.0,99.0,129.0,103.0,123.0,102.0,142.0,119.0,112.0,118.0,164.0,118.0,91.0,119.0,185.0,119.0,71.0,120.0,131.0,162.0,116.0,161.0,161.0,183.0,84.0,164.0,190.0,202.0,80.0,198.0
00000256.jpg,119.0,30.0,118.0,25.0,115.0,26.0,109.0,27.0,103.0,28.0,121.0,59.0,92.0,57.0,148.0,51.0,64.0,56.0,173.0,38.0,37.0,51.0,110.0,139.0,97.0,137.0,153.0,166.0,69.0,190.0,161.0,233.0,33.0,234.0
00000257.jpg,119.0,50.0,123.0,48.0,122.0,48.0,133.0,51.0,131.0,51.0,147.0,68.0,114.0,67.0,182.0,68.0,83.0,62.0,209.0,69.0,54.0,61.0,138.0,113.0,114.0,111.0,164.0,132.0,76.0,120.0,190.0,155.0,74.0,154.0
00000258.jpg,152.0,105.0,156.0,111.0,157.0,106.0,157.0,121.0,157.0,114.0,148.0,135.0,139.0,108.0,164.0,166.0,153.0,88.0,176.0,181.0,172.0,78.0,122.0,157.0,99.0,153.0,168.0,182.0,55.0,162.0,208.0,202.0,51.0,198.0
00000259.jpg,120.0,33.0,124.0,29.0,120.0,29.0,134.0,31.0,124.0,31.0,145.0,55.0,111.0,55.0,164.0,65.0,92.0,60.0,183.0,65.0,73.0,58.0,137.0,129.0,120.0,127.0,156.0,175.0,94.0,158.0,178.0,211.0,91.0,212.0
00000260.jpg,152.0,91.0,149.0,86.0,149.0,87.0,139.0,88.0,139.0,89.0,144.0,106.0,135.0,106.0,145.0,70.0,141.0,67.0,144.0,38.0,143.0,37.0,147.0,168.0,135.0,170.0,172.0,186.0,115.0,196.0,178.0,231.0,95.0,218.0
00000265.jpg,153.0,90.0,151.0,86.0,149.0,86.0,143.0,87.0,137.0,89.0,158.0,102.0,121.0,102.0,189.0,99.0,89.0,102.0,219.0,99.0,60.0,103.0,151.0,147.0,130.0,147.0,195.0,151.0,98.0,165.0,195.0,187.0,62.0,187.0
00000266.jpg,121.0,20.0,126.0,16.0,117.0,16.0,133.0,20.0,110.0,20.0,139.0,49.0,101.0,45.0,153.0,63.0,78.0,47.0,174.0,67.0,54.0,36.0,139.0,115.0,109.0,116.0,152.0,158.0,80.0,155.0,161.0,195.0,70.0,226.0
00000267.jpg,139.0,55.0,138.0,50.0,135.0,50.0,130.0,51.0,123.0,51.0,145.0,77.0,108.0,76.0,171.0,79.0,82.0,75.0,193.0,75.0,58.0,76.0,132.0,155.0,113.0,153.0,169.0,176.0,89.0,198.0,177.0,234.0,58.0,234.0
00000268.jpg,131.0,32.0,128.0,27.0,127.0,27.0,119.0,30.0,117.0,30.0,133.0,63.0,103.0,62.0,162.0,60.0,74.0,67.0,184.0,57.0,50.0,73.0,122.0,143.0,106.0,141.0,151.0,157.0,79.0,194.0,154.0,225.0,36.0,226.0
00000270.jpg,160.0,159.0,160.0,157.0,163.0,158.0,164.0,159.0,172.0,159.0,160.0,171.0,176.0,168.0,138.0,170.0,188.0,171.0,124.0,170.0,207.0,171.0,163.0,204.0,175.0,205.0,139.0,219.0,190.0,226.0,140.0,241.0,206.0,240.0
00000271.jpg,145.0,111.0,147.0,106.0,141.0,107.0,143.0,106.0,128.0,105.0,145.0,115.0,113.0,114.0,165.0,119.0,122.0,124.0,195.0,123.0,148.0,130.0,101.0,123.0,83.0,119.0,106.0,163.0,69.0,124.0,105.0,202.0,57.0,117.0
00000274.jpg,114.0,34.0,119.0,29.0,112.0,30.0,132.0,32.0,115.0,33.0,146.0,58.0,106.0,61.0,164.0,58.0,84.0,65.0,176.0,55.0,61.0,56.0,143.0,128.0,117.0,126.0,157.0,166.0,86.0,152.0,177.0,193.0,89.0,208.0
00000275.jpg,115.0,82.0,118.0,77.0,118.0,77.0,130.0,78.0,128.0,77.0,135.0,96.0,126.0,93.0,121.0,63.0,118.0,65.0,110.0,40.0,109.0,40.0,131.0,151.0,118.0,150.0,155.0,187.0,83.0,176.0,184.0,219.0,88.0,219.0
00000279.jpg,71.0,87.0,75.0,85.0,71.0,84.0,84.0,91.0,77.0,88.0,81.0,107.0,76.0,108.0,72.0,77.0,76.0,130.0,68.0,49.0,74.0,106.0,81.0,164.0,67.0,163.0,99.0,199.0,42.0,184.0,123.0,226.0,41.0,223.0
00000283.jpg,112.0,58.0,113.0,55.0,107.0,57.0,116.0,61.0,103.0,67.0,126.0,80.0,105.0,97.0,115.0,40.0,104.0,145.0,102.0,18.0,97.0,183.0,140.0,157.0,119.0,159.0,171.0,177.0,97.0,202.0,169.0,234.0,70.0,238.0
00000284.jpg,101.0,63.0,100.0,59.0,97.0,60.0,98.0,62.0,90.0,63.0,105.0,86.0,83.0,86.0,121.0,88.0,58.0,87.0,141.0,82.0,49.0,86.0,103.0,144.0,88.0,144.0,126.0,165.0,74.0,178.0,129.0,212.0,55.0,209.0
00000285.jpg,150.0,51.0,147.0,47.0,146.0,47.0,139.0,48.0,136.0,49.0,150.0,76.0,124.0,75.0,174.0,74.0,103.0,79.0,190.0,68.0,81.0,74.0,144.0,143.0,127.0,142.0,172.0,165.0,108.0,183.0,168.0,222.0,86.0,220.0
00000286.jpg,149.0,76.0,144.0,72.0,144.0,72.0,132.0,77.0,132.0,77.0,156.0,103.0,104.0,97.0,189.0,102.0,64.0,101.0,224.0,98.0,27.0,103.0,140.0,168.0,110.0,167.0,191.0,164.0,65.0,201.0,195.0,224.0,10.0,231.0
00000289.jpg,128.0,97.0,122.0,100.0,123.0,100.0,120.0,109.0,119.0,109.0,138.0,119.0,128.0,122.0,137.0,90.0,134.0,89.0,127.0,63.0,125.0,64.0,159.0,172.0,142.0,174.0,206.0,184.0,104.0,206.0,201.0,228.0,60.0,231.0
00000290.jpg,150.0,85.0,145.0,82.0,145.0,82.0,137.0,85.0,136.0,86.0,152.0,103.0,123.0,106.0,174.0,104.0,94.0,108.0,192.0,103.0,69.0,109.0,141.0,155.0,126.0,153.0,178.0,163.0,92.0,180.0,175.0,204.0,56.0,205.0
00000291.jpg,145.0,28.0,144.0,24.0,141.0,24.0,136.0,28.0,129.0,28.0,151.0,64.0,109.0,63.0,184.0,58.0,71.0,66.0,219.0,54.0,36.0,69.0,139.0,140.0,112.0,137.0,183.0,153.0,74.0,181.0,185.0,213.0,29.0,219.0
00000293.jpg,161.0,100.0,158.0,96.0,156.0,97.0,147.0,98.0,144.0,98.0,164.0,118.0,118.0,112.0,190.0,121.0,82.0,117.0,221.0,115.0,47.0,113.0,146.0,162.0,122.0,161.0,190.0,176.0,82.0,189.0,190.0,212.0,46.0,216.0
00000294.jpg,144.0,76.0,142.0,72.0,141.0,72.0,134.0,75.0,132.0,75.0,135.0,92.0,130.0,91.0,140.0,59.0,137.0,59.0,141.0,31.0,139.0,30.0,141.0,154.0,133.0,155.0,167.0,175.0,121.0,194.0,164.0,220.0,99.0,221.0
00000295.jpg,131.0,88.0,128.0,87.0,127.0,88.0,122.0,95.0,123.0,95.0,123.0,107.0,129.0,107.0,127.0,69.0,131.0,67.0,127.0,34.0,130.0,35.0,126.0,173.0,135.0,173.0,103.0,209.0,166.0,183.0,79.0,239.0,163.0,237.0
00000296.jpg,99.0,93.0,95.0,92.0,94.0,96.0,96.0,102.0,93.0,107.0,111.0,99.0,100.0,127.0,89.0,73.0,102.0,149.0,65.0,57.0,92.0,173.0,143.0,151.0,122.0,155.0,178.0,153.0,93.0,179.0,175.0,201.0,54.0,202.0
00000297.jpg,106.0,40.0,109.0,35.0,108.0,35.0,122.0,37.0,118.0,36.0,138.0,55.0,104.0,63.0,163.0,56.0,77.0,65.0,185.0,48.0,55.0,59.0,131.0,130.0,109.0,129.0,151.0,187.0,77.0,148.0,189.0,214.0,72.0,213.0
00000298.jpg,146.0,78.0,147.0,74.0,143.0,75.0,146.0,76.0,135.0,78.0,153.0,96.0,128.0,97.0,169.0,98.0,123.0,106.0,187.0,93.0,125.0,104.0,148.0,160.0,132.0,160.0,170.0,185.0,119.0,190.0,170.0,230.0,105.0,212.0
00000299.jpg,186.0,39.0,190.0,35.0,185.0,34.0,200.0,38.0,189.0,37.0,211.0,67.0,180.0,67.0,241.0,65.0,154.0,64.0,251.0,67.0,138.0,61.0,205.0,148.0,189.0,147.0,227.0,194.0,156.0,174.0,253.0,237.0,157.0,238.0
00000300.jpg,152.0,46.0,151.0,42.0,148.0,41.0,143.0,43.0,136.0,43.0,154.0,69.0,121.0,66.0,181.0,61.0,94.0,64.0,204.0,50.0,70.0,62.0,145.0,143.0,125.0,141.0,180.0,169.0,96.0,188.0,171.0,225.0,63.0,226.0
00000301.jpg,170.0,108.0,172.0,104.0,171.0,104.0,167.0,95.0,167.0,95.0,161.0,102.0,154.0,95.0,181.0,102.0,180.0,101.0,201.0,95.0,201.0,94.0,114.0,116.0,105.0,107.0,111.0,171.0,71.0,121.0,116.0,221.0,38.0,128.0
00000302.jpg,136.0,114.0,136.0,111.0,131.0,113.0,134.0,113.0,120.0,117.0,149.0,127.0,110.0,134.0,171.0,121.0,88.0,137.0,198.0,117.0,58.0,140.0,147.0,181.0,121.0,182.0,178.0,194.0,100.0,209.0,186.0,225.0,75.0,232.0
00000307.jpg,147.0,46.0,146.0,41.0,143.0,42.0,141.0,43.0,133.0,43.0,153.0,66.0,117.0,67.0,178.0,63.0,92.0,68.0,204.0,63.0,65.0,71.0,141.0,139.0,119.0,135.0,171.0,161.0,97.0,174.0,177.0,209.0,74.0,205.0
00000309.jpg,168.0,89.0,166.0,84.0,164.0,84.0,161.0,85.0,157.0,84.0,167.0,109.0,148.0,106.0,188.0,108.0,141.0,111.0,202.0,103.0,144.0,102.0,166.0,172.0,149.0,171.0,194.0,188.0,114.0,182.0,193.0,235.0,108.0,228.0
00000310.jpg,100.0,129.0,100.0,123.0,96.0,127.0,108.0,115.0,99.0,125.0,126.0,116.0,112.0,145.0,115.0,86.0,113.0,175.0,97.0,66.0,106.0,202.0,164.0,172.0,139.0,175.0,205.0,194.0,111.0,211.0,193.0,237.0,75.0,243.0
00000311.jpg,127.0,43.0,132.0,38.0,125.0,38.0,142.0,41.0,125.0,41.0,156.0,63.0,116.0,64.0,180.0,65.0,95.0,66.0,206.0,67.0,68.0,68.0,144.0,135.0,123.0,130.0,169.0,146.0,85.0,150.0,125.0,154.0,89.0,147.0
00000312.jpg,134.0,90.0,132.0,86.0,129.0,87.0,127.0,88.0,117.0,91.0,147.0,103.0,102.0,106.0,175.0,100.0,73.0,109.0,208.0,92.0,47.0,107.0,134.0,155.0,108.0,150.0,184.0,170.0,74.0,183.0,184.0,210.0,41.0,217.0
00000315.jpg,110.0,46.0,113.0,42.0,111.0,42.0,124.0,43.0,119.0,43.0,135.0,68.0,108.0,70.0,153.0,70.0,88.0,70.0,173.0,69.0,70.0,65.0,127.0,142.0,115.0,142.0,145.0,183.0,84.0,172.0,167.0,223.0,82.0,221.0
00000317.jpg,124.0,90.0,121.0,86.0,120.0,87.0,115.0,90.0,112.0,91.0,126.0,109.0,103.0,110.0,149.0,107.0,80.0,112.0,171.0,106.0,58.0,108.0,116.0,163.0,107.0,162.0,151.0,177.0,81.0,195.0,150.0,220.0,56.0,224.0
00000318.jpg,136.0,65.0,136.0,60.0,132.0,60.0,129.0,61.0,121.0,62.0,140.0,87.0,108.0,86.0,163.0,86.0,85.0,86.0,182.0,84.0,63.0,85.0,126.0,158.0,111.0,157.0,159.0,164.0,82.0,188.0,162.0,216.0,53.0,215.0
00000319.jpg,141.0,45.0,139.0,39.0,135.0,39.0,128.0,44.0,121.0,44.0,147.0,87.0,105.0,87.0,175.0,99.0,75.0,101.0,203.0,86.0,49.0,93.0,134.0,203.0,116.0,203.0,169.0,247.0,99.0,254.0,127.0,245.0,123.0,250.0
00000320.jpg,100.0,64.0,104.0,60.0,99.0,59.0,115.0,62.0,103.0,61.0,126.0,87.0,94.0,87.0,147.0,92.0,71.0,88.0,168.0,92.0,50.0,85.0,120.0,154.0,100.0,153.0,143.0,188.0,73.0,169.0,161.0,219.0,69.0,218.0
00000323.jpg,99.0,93.0,95.0,92.0,94.0,96.0,96.0,102.0,93.0,107.0,111.0,99.0,100.0,127.0,89.0,73.0,102.0,149.0,65.0,57.0,92.0,173.0,143.0,151.0,122.0,155.0,178.0,153.0,93.0,179.0,175.0,201.0,54.0,202.0
00000326.jpg,73.0,194.0,74.0,192.0,72.0,193.0,77.0,192.0,70.0,193.0,77.0,200.0,69.0,200.0,79.0,207.0,67.0,207.0,78.0,212.0,67.0,213.0,77.0,212.0,70.0,213.0,75.0,217.0,68.0,218.0,74.0,223.0,67.0,223.0
00000327.jpg,125.0,50.0,124.0,45.0,122.0,46.0,118.0,48.0,112.0,50.0,114.0,73.0,111.0,76.0,123.0,103.0,122.0,106.0,144.0,126.0,145.0,125.0,118.0,129.0,112.0,131.0,146.0,161.0,90.0,182.0,149.0,203.0,66.0,219.0
00000328.jpg,152.0,46.0,151.0,42.0,148.0,41.0,143.0,43.0,136.0,43.0,154.0,69.0,121.0,66.0,181.0,61.0,94.0,64.0,204.0,50.0,70.0,62.0,145.0,143.0,125.0,141.0,180.0,169.0,96.0,188.0,171.0,225.0,63.0,226.0
00000332.jpg,144.0,76.0,142.0,72.0,141.0,72.0,134.0,75.0,132.0,75.0,135.0,92.0,130.0,91.0,140.0,59.0,137.0,59.0,141.0,31.0,139.0,30.0,141.0,154.0,133.0,155.0,167.0,175.0,121.0,194.0,164.0,220.0,99.0,221.0
00000334.jpg,129.0,44.0,128.0,39.0,125.0,40.0,121.0,42.0,114.0,43.0,136.0,67.0,102.0,67.0,163.0,63.0,76.0,72.0,187.0,59.0,53.0,73.0,126.0,137.0,105.0,135.0,159.0,158.0,77.0,174.0,170.0,209.0,52.0,205.0
00000335.jpg,124.0,90.0,121.0,86.0,120.0,87.0,115.0,90.0,112.0,91.0,126.0,109.0,103.0,110.0,149.0,107.0,80.0,112.0,171.0,106.0,58.0,108.0,116.0,163.0,107.0,162.0,151.0,177.0,81.0,195.0,150.0,220.0,56.0,224.0
00000336.jpg,148.0,60.0,146.0,55.0,144.0,56.0,139.0,57.0,135.0,58.0,150.0,84.0,125.0,81.0,171.0,81.0,103.0,84.0,189.0,73.0,86.0,88.0,144.0,152.0,128.0,152.0,175.0,175.0,110.0,195.0,184.0,235.0,86.0,238.0
00000337.jpg,172.0,36.0,169.0,31.0,173.0,31.0,159.0,35.0,171.0,34.0,148.0,66.0,177.0,62.0,120.0,74.0,202.0,64.0,110.0,74.0,225.0,59.0,157.0,134.0,170.0,135.0,137.0,177.0,208.0,168.0,116.0,221.0,213.0,226.0
00000339.jpg,118.0,88.0,121.0,86.0,116.0,85.0,126.0,88.0,113.0,87.0,131.0,102.0,108.0,104.0,150.0,102.0,94.0,104.0,164.0,102.0,80.0,100.0,132.0,145.0,118.0,146.0,143.0,176.0,103.0,167.0,154.0,205.0,105.0,196.0
00000341.jpg,150.0,96.0,147.0,92.0,147.0,92.0,140.0,94.0,139.0,94.0,140.0,112.0,135.0,113.0,142.0,82.0,139.0,80.0,139.0,52.0,136.0,50.0,133.0,169.0,136.0,169.0,110.0,202.0,166.0,180.0,90.0,225.0,157.0,221.0
00000342.jpg,94.0,111.0,93.0,108.0,93.0,107.0,98.0,102.0,97.0,101.0,105.0,108.0,101.0,106.0,87.0,115.0,88.0,115.0,66.0,110.0,67.0,110.0,134.0,116.0,129.0,121.0,163.0,113.0,124.0,160.0,181.0,110.0,129.0,204.0
00000347.jpg,131.0,121.0,133.0,118.0,128.0,119.0,135.0,121.0,124.0,122.0,140.0,136.0,122.0,139.0,157.0,137.0,102.0,139.0,164.0,131.0,89.0,140.0,132.0,182.0,121.0,181.0,153.0,190.0,110.0,203.0,150.0,224.0,86.0,227.0
00000348.jpg,144.0,65.0,142.0,60.0,139.0,60.0,133.0,62.0,127.0,62.0,150.0,85.0,113.0,85.0,181.0,84.0,81.0,83.0,209.0,81.0,51.0,84.0,146.0,153.0,122.0,153.0,187.0,166.0,90.0,187.0,191.0,218.0,55.0,219.0
00000358.jpg,113.0,54.0,117.0,49.0,116.0,49.0,131.0,51.0,129.0,51.0,149.0,80.0,107.0,76.0,183.0,82.0,68.0,72.0,214.0,80.0,33.0,73.0,144.0,146.0,116.0,145.0,190.0,185.0,65.0,156.0,235.0,211.0,61.0,212.0
00000359.jpg,138.0,58.0,136.0,53.0,133.0,53.0,126.0,55.0,121.0,55.0,142.0,84.0,107.0,82.0,172.0,92.0,76.0,80.0,198.0,88.0,47.0,77.0,130.0,161.0,107.0,161.0,174.0,166.0,73.0,198.0,175.0,231.0,35.0,230.0
00000360.jpg,150.0,80.0,146.0,75.0,145.0,75.0,133.0,79.0,131.0,80.0,150.0,104.0,106.0,104.0,181.0,100.0,69.0,107.0,209.0,98.0,32.0,114.0,141.0,176.0,111.0,174.0,186.0,198.0,60.0,213.0,190.0,249.0,19.0,246.0
00000365.jpg,124.0,74.0,128.0,75.0,127.0,76.0,130.0,85.0,130.0,86.0,126.0,100.0,114.0,96.0,113.0,61.0,110.0,62.0,112.0,33.0,111.0,33.0,128.0,162.0,112.0,164.0,169.0,199.0,64.0,178.0,207.0,227.0,67.0,228.0
00000366.jpg,147.0,71.0,144.0,68.0,144.0,69.0,136.0,70.0,133.0,73.0,148.0,85.0,120.0,86.0,167.0,86.0,90.0,85.0,187.0,84.0,62.0,83.0,154.0,121.0,135.0,125.0,184.0,129.0,104.0,152.0,196.0,156.0,71.0,177.0
00000369.jpg,150.0,55.0,144.0,49.0,155.0,48.0,140.0,55.0,161.0,54.0,129.0,80.0,169.0,85.0,93.0,78.0,187.0,121.0,62.0,79.0,201.0,150.0,134.0,159.0,157.0,158.0,93.0,187.0,208.0,160.0,43.0,215.0,210.0,220.0
00000372.jpg,145.0,38.0,145.0,33.0,141.0,34.0,138.0,35.0,128.0,37.0,148.0,64.0,112.0,64.0,180.0,60.0,81.0,63.0,205.0,58.0,53.0,60.0,140.0,140.0,116.0,140.0,174.0,154.0,91.0,183.0,172.0,212.0,57.0,213.0
00000375.jpg,150.0,80.0,146.0,75.0,145.0,75.0,133.0,79.0,131.0,80.0,150.0,104.0,106.0,104.0,181.0,100.0,69.0,107.0,209.0,98.0,32.0,114.0,141.0,176.0,111.0,174.0,186.0,198.0,60.0,213.0,190.0,249.0,19.0,246.0
00000376.jpg,138.0,58.0,136.0,53.0,133.0,53.0,126.0,55.0,121.0,55.0,142.0,84.0,107.0,82.0,172.0,92.0,76.0,80.0,198.0,88.0,47.0,77.0,130.0,161.0,107.0,161.0,174.0,166.0,73.0,198.0,175.0,231.0,35.0,230.0
00000381.jpg,145.0,79.0,141.0,75.0,143.0,76.0,126.0,80.0,134.0,81.0,110.0,95.0,151.0,101.0,89.0,99.0,188.0,104.0,68.0,96.0,225.0,101.0,109.0,149.0,136.0,153.0,90.0,167.0,176.0,167.0,66.0,188.0,166.0,210.0
00000384.jpg,125.0,34.0,126.0,29.0,120.0,30.0,124.0,33.0,108.0,35.0,133.0,62.0,98.0,61.0,156.0,55.0,74.0,60.0,176.0,51.0,56.0,61.0,126.0,145.0,106.0,144.0,160.0,170.0,86.0,190.0,156.0,236.0,57.0,229.0
00000385.jpg,114.0,25.0,118.0,21.0,115.0,20.0,131.0,23.0,125.0,22.0,146.0,49.0,109.0,49.0,174.0,56.0,80.0,48.0,202.0,56.0,57.0,45.0,133.0,120.0,125.0,121.0,77.0,145.0,166.0,165.0,92.0,201.0,204.0,204.0
00000387.jpg,146.0,111.0,144.0,106.0,143.0,106.0,133.0,107.0,132.0,106.0,149.0,133.0,112.0,122.0,176.0,135.0,81.0,123.0,201.0,136.0,49.0,124.0,141.0,186.0,118.0,180.0,185.0,196.0,76.0,213.0,183.0,246.0,31.0,245.0
00000389.jpg,131.0,32.0,128.0,27.0,127.0,27.0,119.0,30.0,117.0,30.0,133.0,63.0,103.0,62.0,162.0,60.0,74.0,67.0,184.0,57.0,50.0,73.0,122.0,143.0,106.0,141.0,151.0,157.0,79.0,194.0,154.0,225.0,36.0,226.0
00000390.jpg,146.0,52.0,144.0,47.0,142.0,47.0,136.0,50.0,131.0,50.0,150.0,77.0,114.0,73.0,180.0,74.0,84.0,76.0,205.0,67.0,59.0,74.0,137.0,142.0,117.0,140.0,177.0,147.0,83.0,177.0,182.0,200.0,45.0,203.0
00000391.jpg,143.0,93.0,139.0,92.0,138.0,91.0,133.0,98.0,132.0,97.0,140.0,115.0,136.0,115.0,142.0,82.0,143.0,83.0,135.0,63.0,137.0,62.0,141.0,164.0,134.0,163.0,176.0,171.0,98.0,188.0,174.0,211.0,64.0,209.0
00000393.jpg,134.0,24.0,135.0,19.0,128.0,19.0,132.0,24.0,115.0,25.0,147.0,61.0,106.0,67.0,172.0,62.0,81.0,69.0,197.0,57.0,57.0,64.0,140.0,150.0,118.0,149.0,173.0,187.0,98.0,205.0,181.0,250.0,72.0,251.0
00000394.jpg,155.0,71.0,152.0,67.0,150.0,67.0,142.0,69.0,139.0,70.0,157.0,88.0,117.0,88.0,187.0,91.0,86.0,96.0,218.0,91.0,53.0,99.0,150.0,153.0,126.0,153.0,193.0,174.0,96.0,187.0,194.0,219.0,62.0,216.0
00000395.jpg,140.0,37.0,136.0,32.0,141.0,32.0,128.0,34.0,136.0,35.0,108.0,61.0,151.0,61.0,81.0,58.0,181.0,60.0,55.0,52.0,205.0,59.0,115.0,133.0,139.0,134.0,81.0,178.0,182.0,153.0,46.0,215.0,183.0,213.0
00000396.jpg,129.0,107.0,132.0,104.0,125.0,103.0,135.0,108.0,118.0,108.0,136.0,132.0,114.0,135.0,155.0,128.0,102.0,150.0,173.0,119.0,94.0,152.0,131.0,200.0,112.0,201.0,150.0,248.0,107.0,242.0,149.0,258.0,107.0,260.0
00000400.jpg,134.0,24.0,135.0,19.0,128.0,19.0,132.0,24.0,115.0,25.0,147.0,61.0,106.0,67.0,172.0,62.0,81.0,69.0,197.0,57.0,57.0,64.0,140.0,150.0,118.0,149.0,173.0,187.0,98.0,205.0,181.0,250.0,72.0,251.0
00000401.jpg,155.0,71.0,152.0,67.0,150.0,67.0,142.0,69.0,139.0,70.0,157.0,88.0,117.0,88.0,187.0,91.0,86.0,96.0,218.0,91.0,53.0,99.0,150.0,153.0,126.0,153.0,193.0,174.0,96.0,187.0,194.0,219.0,62.0,216.0
00000406.jpg,140.0,37.0,136.0,32.0,141.0,32.0,128.0,34.0,136.0,35.0,108.0,61.0,151.0,61.0,81.0,58.0,181.0,60.0,55.0,52.0,205.0,59.0,115.0,133.0,139.0,134.0,81.0,178.0,182.0,153.0,46.0,215.0,183.0,213.0
00000407.jpg,129.0,107.0,132.0,104.0,125.0,103.0,135.0,108.0,118.0,108.0,136.0,132.0,114.0,135.0,155.0,128.0,102.0,150.0,173.0,119.0,94.0,152.0,131.0,200.0,112.0,201.0,150.0,248.0,107.0,242.0,149.0,258.0,107.0,260.0
00000408.jpg,124.0,72.0,125.0,68.0,119.0,69.0,121.0,71.0,108.0,73.0,136.0,87.0,96.0,91.0,167.0,87.0,68.0,97.0,198.0,87.0,41.0,102.0,131.0,141.0,104.0,141.0,171.0,164.0,80.0,174.0,172.0,204.0,53.0,204.0
00000414.jpg,104.0,63.0,104.0,59.0,101.0,59.0,99.0,62.0,92.0,62.0,107.0,86.0,79.0,86.0,129.0,82.0,58.0,83.0,147.0,78.0,37.0,79.0,99.0,145.0,79.0,145.0,126.0,163.0,54.0,168.0,130.0,207.0,28.0,186.0
00000418.jpg,150.0,45.0,148.0,41.0,145.0,41.0,140.0,42.0,133.0,43.0,155.0,64.0,110.0,69.0,191.0,66.0,75.0,74.0,227.0,68.0,41.0,80.0,146.0,138.0,119.0,135.0,192.0,162.0,85.0,175.0,191.0,214.0,52.0,214.0
00000419.jpg,112.0,52.0,116.0,47.0,112.0,47.0,129.0,50.0,120.0,49.0,144.0,76.0,104.0,76.0,174.0,77.0,76.0,75.0,197.0,79.0,55.0,75.0,136.0,150.0,112.0,149.0,169.0,186.0,74.0,162.0,203.0,218.0,71.0,217.0
00000420.jpg,132.0,32.0,136.0,28.0,128.0,27.0,139.0,31.0,123.0,32.0,154.0,62.0,106.0,58.0,186.0,64.0,73.0,59.0,219.0,63.0,44.0,59.0,138.0,133.0,111.0,131.0,186.0,151.0,73.0,172.0,184.0,210.0,29.0,209.0
00000423.jpg,59.0,58.0,61.0,50.0,52.0,50.0,58.0,51.0,39.0,51.0,70.0,90.0,23.0,87.0,109.0,100.0,5.0,100.0,139.0,103.0,16.0,93.0,60.0,209.0,37.0,208.0,108.0,249.0,17.0,253.0,51.0,243.0,17.0,255.0
00000425.jpg,95.0,65.0,95.0,60.0,101.0,60.0,100.0,62.0,114.0,62.0,91.0,88.0,126.0,87.0,66.0,91.0,149.0,91.0,43.0,88.0,167.0,92.0,100.0,153.0,118.0,151.0,68.0,178.0,136.0,188.0,62.0,226.0,160.0,223.0
00000427.jpg,135.0,64.0,140.0,64.0,137.0,62.0,145.0,74.0,140.0,70.0,142.0,104.0,131.0,86.0,150.0,146.0,139.0,52.0,155.0,180.0,147.0,24.0,137.0,157.0,121.0,155.0,155.0,203.0,92.0,182.0,176.0,236.0,89.0,235.0
00000428.jpg,105.0,34.0,106.0,29.0,109.0,29.0,111.0,31.0,119.0,31.0,96.0,59.0,141.0,58.0,66.0,57.0,171.0,60.0,40.0,51.0,196.0,62.0,112.0,133.0,136.0,132.0,63.0,158.0,169.0,182.0,60.0,221.0,204.0,222.0
00000429.jpg,151.0,111.0,155.0,110.0,154.0,110.0,156.0,121.0,156.0,120.0,149.0,135.0,148.0,135.0,150.0,95.0,147.0,169.0,153.0,63.0,150.0,139.0,143.0,189.0,131.0,188.0,170.0,223.0,101.0,201.0,194.0,249.0,101.0,247.0
00000431.jpg,131.0,85.0,133.0,80.0,128.0,80.0,133.0,81.0,122.0,81.0,137.0,100.0,115.0,99.0,153.0,104.0,99.0,103.0,168.0,105.0,83.0,100.0,131.0,160.0,120.0,159.0,157.0,181.0,105.0,195.0,158.0,228.0,82.0,225.0
00000433.jpg,113.0,35.0,113.0,31.0,108.0,31.0,109.0,33.0,98.0,34.0,118.0,63.0,89.0,57.0,131.0,91.0,76.0,82.0,149.0,104.0,60.0,69.0,107.0,137.0,90.0,135.0,135.0,178.0,76.0,189.0,139.0,236.0,56.0,235.0
00000434.jpg,117.0,107.0,116.0,104.0,115.0,104.0,111.0,106.0,108.0,107.0,116.0,124.0,97.0,121.0,131.0,122.0,80.0,121.0,140.0,119.0,64.0,117.0,108.0,170.0,97.0,166.0,125.0,182.0,78.0,190.0,118.0,216.0,54.0,210.0
00000436.jpg,148.0,138.0,148.0,137.0,145.0,138.0,148.0,137.0,140.0,139.0,156.0,144.0,130.0,149.0,174.0,142.0,109.0,148.0,193.0,138.0,87.0,150.0,152.0,175.0,137.0,177.0,179.0,178.0,122.0,195.0,185.0,201.0,104.0,210.0
00000437.jpg,144.0,46.0,144.0,41.0,139.0,41.0,136.0,42.0,127.0,42.0,149.0,71.0,109.0,67.0,179.0,69.0,77.0,68.0,205.0,63.0,50.0,68.0,136.0,143.0,113.0,141.0,177.0,165.0,85.0,185.0,182.0,225.0,50.0,223.0
00000438.jpg,166.0,151.0,168.0,149.0,163.0,149.0,170.0,149.0,161.0,148.0,174.0,156.0,159.0,157.0,190.0,157.0,144.0,157.0,206.0,159.0,127.0,155.0,173.0,187.0,162.0,188.0,190.0,206.0,140.0,201.0,207.0,223.0,140.0,224.0
